timestamp,src_ip,dst_ip,dst_port,bytes,label,flags
2025-10-23 17:23:40.499708,192.168.100.1,10.0.2.25,712,1164,Normal,
2025-10-23 13:57:40.501159,192.168.100.1,10.0.9.3,959,894,Normal,
2025-10-23 14:33:40.501159,192.168.100.1,10.0.4.21,567,3711,Normal,S
2025-10-23 16:20:40.501159,192.168.100.1,10.0.5.20,708,1629,Normal,R
2025-10-23 10:11:40.501159,192.168.100.1,10.0.5.17,241,4732,Normal,F
2025-10-24 00:39:40.501159,192.168.100.1,10.0.9.16,71,4767,Normal,SA
2025-10-23 19:28:40.501159,192.168.100.1,10.0.3.44,757,3572,Normal,SA
2025-10-23 11:11:40.501159,192.168.100.1,10.0.6.29,260,2314,Normal,S
2025-10-23 11:14:40.501159,192.168.100.1,10.0.8.31,394,626,Normal,S
2025-10-23 13:05:40.501159,192.168.100.1,10.0.1.38,583,3085,Normal,R
2025-10-23 15:54:40.501159,192.168.100.1,10.0.10.11,690,332,Normal,R
2025-10-23 13:53:40.501159,192.168.100.1,10.0.9.34,532,4815,Normal,
2025-10-23 23:49:40.501159,192.168.100.1,10.0.3.42,950,2133,Normal,S
2025-10-23 23:01:40.501159,192.168.100.1,10.0.4.33,991,3092,Normal,F
2025-10-23 11:56:40.501159,192.168.100.1,10.0.7.35,806,255,Normal,S
2025-10-23 17:17:40.501159,192.168.100.1,10.0.8.40,710,497,Normal,R
2025-10-23 18:13:40.501159,192.168.100.1,10.0.3.11,299,3292,Attack,
2025-10-23 18:48:40.501159,192.168.100.1,10.0.5.10,218,1361,Normal,F
2025-10-23 18:35:40.501159,192.168.100.1,10.0.2.17,491,244,Normal,F
2025-10-24 01:19:40.501159,192.168.100.1,10.0.10.16,786,3597,Normal,F
2025-10-23 16:56:40.501159,192.168.100.1,10.0.1.33,988,2505,Begin,SA
2025-10-24 01:17:40.501159,192.168.100.1,10.0.5.17,157,1743,Begin,F
2025-10-23 17:38:40.501159,192.168.100.1,10.0.2.32,602,4091,Normal,R
2025-10-23 20:50:40.501159,192.168.100.1,10.0.10.26,366,1651,Normal,
2025-10-23 15:47:40.502163,192.168.100.1,10.0.7.10,299,4259,Begin,R
2025-10-23 16:54:40.502163,192.168.100.1,10.0.7.6,162,1691,Normal,
2025-10-23 16:14:40.502163,192.168.100.1,10.0.1.10,57,3491,Begin,F
2025-10-23 16:55:40.502163,192.168.100.1,10.0.5.23,810,2588,Normal,S
2025-10-23 11:10:40.502163,192.168.100.1,10.0.5.48,422,2233,Normal,SA
2025-10-23 22:15:40.502163,192.168.100.1,10.0.1.11,527,4770,Normal,SA
2025-10-24 00:23:40.502163,192.168.100.1,10.0.5.38,875,1877,Normal,F
2025-10-23 20:47:40.502163,192.168.100.1,10.0.6.43,328,148,Normal,
2025-10-23 18:15:40.502163,192.168.100.1,10.0.1.23,984,2500,Normal,R
2025-10-23 09:39:40.502163,192.168.100.1,10.0.5.4,205,1826,Normal,S
2025-10-23 15:05:40.502163,192.168.100.1,10.0.4.26,225,2347,Normal,SA
2025-10-23 19:37:40.502163,192.168.100.1,10.0.6.40,67,1162,Normal,SA
2025-10-23 19:35:40.502163,192.168.100.1,10.0.4.6,178,4208,Normal,R
2025-10-23 22:36:40.502163,192.168.100.1,10.0.9.25,482,633,Normal,F
2025-10-23 15:02:40.502163,192.168.100.1,10.0.7.40,530,4375,Normal,SA
2025-10-23 18:54:40.502163,192.168.100.1,10.0.2.39,413,944,Begin,
2025-10-23 19:17:40.502163,192.168.100.1,10.0.6.9,316,3149,Normal,R
2025-10-24 00:09:40.502163,192.168.100.1,10.0.6.7,326,3565,Normal,S
2025-10-23 11:10:40.502163,192.168.100.1,10.0.8.23,936,1759,Normal,
2025-10-23 22:08:40.502163,192.168.100.1,10.0.1.3,630,4634,Normal,S
2025-10-23 13:39:40.502163,192.168.100.1,10.0.9.20,586,3601,Normal,SA
2025-10-23 18:17:40.502163,192.168.100.1,10.0.5.8,211,1753,Attack,S
2025-10-23 13:47:40.502163,192.168.100.1,10.0.4.25,80,555,Begin,F
2025-10-23 11:47:40.502163,192.168.100.1,10.0.7.30,262,3619,Normal,SA
2025-10-23 20:26:40.502163,192.168.100.1,10.0.8.31,197,3092,Begin,S
2025-10-23 22:06:40.502163,192.168.100.1,10.0.1.12,623,1710,Normal,R
2025-10-23 17:02:40.502163,192.168.100.2,10.0.5.5,67,733,Normal,F
2025-10-23 13:25:40.502163,192.168.100.2,10.0.6.12,283,1834,Normal,F
2025-10-23 12:06:40.502163,192.168.100.2,10.0.9.4,743,121,Normal,F
2025-10-23 21:11:40.502163,192.168.100.2,10.0.3.32,244,3845,Normal,SA
2025-10-24 01:20:40.502163,192.168.100.2,10.0.3.26,783,1201,Normal,
2025-10-23 13:39:40.502163,192.168.100.2,10.0.2.29,1009,443,Normal,
2025-10-24 00:21:40.502163,192.168.100.2,10.0.4.19,727,4673,Normal,
2025-10-23 15:15:40.503384,192.168.100.2,10.0.3.37,468,4036,Normal,F
2025-10-23 09:04:40.503384,192.168.100.2,10.0.8.27,398,2121,Normal,SA
2025-10-23 19:07:40.503384,192.168.100.2,10.0.2.10,545,2549,Normal,S
2025-10-23 23:58:40.503384,192.168.100.2,10.0.10.38,30,3500,Normal,SA
2025-10-23 14:51:40.503384,192.168.100.2,10.0.9.47,823,3435,Normal,R
2025-10-23 21:44:40.503384,192.168.100.2,10.0.5.22,227,4468,Normal,F
2025-10-23 23:59:40.503384,192.168.100.2,10.0.7.32,164,4543,Normal,R
2025-10-23 17:00:40.503384,192.168.100.2,10.0.5.29,793,873,Begin,S
2025-10-23 18:40:40.503384,192.168.100.2,10.0.1.32,890,700,Normal,SA
2025-10-23 14:42:40.503384,192.168.100.2,10.0.2.16,940,694,Attack,SA
2025-10-23 20:12:40.503384,192.168.100.2,10.0.3.8,89,4137,Attack,F
2025-10-23 13:04:40.503384,192.168.100.2,10.0.6.38,537,1603,Normal,SA
2025-10-23 21:05:40.503384,192.168.100.2,10.0.7.25,1020,1450,Normal,R
2025-10-23 18:34:40.503384,192.168.100.2,10.0.6.41,874,214,Normal,
2025-10-23 15:06:40.503384,192.168.100.2,10.0.10.45,885,3500,Normal,SA
2025-10-23 18:33:40.503384,192.168.100.2,10.0.8.34,951,3626,Normal,R
2025-10-23 19:44:40.503384,192.168.100.2,10.0.2.44,978,4709,Normal,R
2025-10-23 18:52:40.503384,192.168.100.2,10.0.2.45,493,2812,Normal,F
2025-10-23 12:05:40.503384,192.168.100.2,10.0.6.26,764,2104,Attack,SA
2025-10-23 11:09:40.503384,192.168.100.2,10.0.3.40,364,861,Normal,F
2025-10-23 18:07:40.503384,192.168.100.2,10.0.3.29,879,3972,Normal,SA
2025-10-23 12:57:40.503384,192.168.100.2,10.0.8.18,394,4630,Begin,S
2025-10-23 21:15:40.503384,192.168.100.2,10.0.6.15,536,1643,Normal,F
2025-10-24 00:56:40.503384,192.168.100.2,10.0.9.40,21,3536,Normal,F
2025-10-23 17:30:40.503384,192.168.100.2,10.0.3.17,894,4802,Attack,S
2025-10-23 17:47:40.503384,192.168.100.2,10.0.6.30,479,554,Normal,R
2025-10-23 18:58:40.503384,192.168.100.2,10.0.3.3,569,2684,Normal,R
2025-10-23 19:29:40.503384,192.168.100.2,10.0.3.13,26,1401,Normal,R
2025-10-23 15:15:40.503384,192.168.100.2,10.0.4.28,75,3518,Normal,F
2025-10-23 23:11:40.503384,192.168.100.2,10.0.4.36,204,3366,Begin,R
2025-10-23 14:30:40.503384,192.168.100.2,10.0.8.39,548,3515,Normal,R
2025-10-23 15:29:40.503384,192.168.100.2,10.0.2.1,715,4134,Normal,R
2025-10-23 12:14:40.503384,192.168.100.2,10.0.5.16,57,764,Normal,R
2025-10-23 16:32:40.503384,192.168.100.2,10.0.2.2,379,675,Begin,
2025-10-23 12:20:40.503384,192.168.100.2,10.0.1.1,163,3442,Attack,F
2025-10-23 15:21:40.503384,192.168.100.2,10.0.7.40,1006,3411,Normal,R
2025-10-23 14:22:40.503384,192.168.100.2,10.0.3.26,763,349,Begin,R
2025-10-23 17:49:40.503384,192.168.100.2,10.0.4.34,329,4726,Normal,
2025-10-23 20:53:40.503384,192.168.100.2,10.0.5.29,698,2085,Attack,F
2025-10-24 00:53:40.503384,192.168.100.2,10.0.7.31,249,1663,Normal,
2025-10-23 21:22:40.503384,192.168.100.2,10.0.9.31,709,4270,Normal,F
2025-10-23 09:32:40.503384,192.168.100.2,10.0.4.45,696,4247,Begin,F
2025-10-23 16:58:40.503384,192.168.100.2,10.0.8.46,473,1291,Normal,F
2025-10-23 11:01:40.503384,192.168.100.3,10.0.8.5,192,4392,Attack,F
2025-10-23 17:10:40.503384,192.168.100.3,10.0.6.36,691,1680,Normal,S
2025-10-23 20:33:40.503384,192.168.100.3,10.0.6.6,552,1177,Normal,S
2025-10-23 11:43:40.503384,192.168.100.3,10.0.2.28,651,4414,Normal,F
2025-10-23 16:35:40.503384,192.168.100.3,10.0.1.14,160,2283,Normal,R
2025-10-23 13:50:40.503384,192.168.100.3,10.0.1.22,113,1295,Normal,S
2025-10-23 16:36:40.503384,192.168.100.3,10.0.8.39,50,4201,Normal,
2025-10-23 14:56:40.503384,192.168.100.3,10.0.1.49,403,1801,Normal,R
2025-10-23 22:36:40.503384,192.168.100.3,10.0.10.6,366,450,Normal,
2025-10-23 17:42:40.503384,192.168.100.3,10.0.10.13,965,4400,Normal,S
2025-10-23 20:31:40.503384,192.168.100.3,10.0.7.17,722,755,Normal,S
2025-10-23 20:08:40.503384,192.168.100.3,10.0.10.17,971,467,Normal,SA
2025-10-23 10:58:40.503384,192.168.100.3,10.0.4.11,882,3443,Normal,SA
2025-10-23 20:40:40.503384,192.168.100.3,10.0.7.15,1004,4737,Attack,S
2025-10-23 20:57:40.503384,192.168.100.3,10.0.1.23,82,4196,Normal,F
2025-10-24 01:24:40.503384,192.168.100.3,10.0.9.35,929,868,Begin,SA
2025-10-23 14:44:40.503384,192.168.100.3,10.0.5.16,826,826,Normal,R
2025-10-23 12:36:40.503384,192.168.100.3,10.0.6.18,841,533,Normal,S
2025-10-23 15:14:40.503384,192.168.100.3,10.0.3.35,148,1383,Begin,
2025-10-23 09:27:40.503384,192.168.100.3,10.0.1.21,771,435,Normal,F
2025-10-23 13:28:40.503384,192.168.100.3,10.0.1.3,729,3538,Normal,R
2025-10-23 22:13:40.503384,192.168.100.3,10.0.6.47,454,4021,Begin,S
2025-10-23 22:36:40.503384,192.168.100.3,10.0.6.11,382,3634,Normal,F
2025-10-23 12:33:40.503384,192.168.100.3,10.0.3.9,841,4497,Normal,F
2025-10-23 16:21:40.506424,192.168.100.3,10.0.5.10,532,665,Normal,
2025-10-23 20:51:40.506424,192.168.100.3,10.0.3.43,706,1630,Begin,SA
2025-10-23 17:35:40.506424,192.168.100.3,10.0.2.49,806,3188,Normal,S
2025-10-23 11:10:40.506424,192.168.100.3,10.0.3.47,20,4658,Normal,F
2025-10-23 17:08:40.506424,192.168.100.3,10.0.6.43,642,1043,Normal,R
2025-10-23 23:34:40.506424,192.168.100.3,10.0.10.19,958,3518,Attack,
2025-10-23 13:15:40.506424,192.168.100.3,10.0.2.43,860,2582,Begin,S
2025-10-23 17:42:40.506424,192.168.100.3,10.0.10.24,407,665,Normal,S
2025-10-23 23:49:40.506424,192.168.100.3,10.0.9.24,536,285,Begin,S
2025-10-23 16:05:40.506424,192.168.100.3,10.0.2.12,143,4651,Normal,S
2025-10-23 15:50:40.506424,192.168.100.3,10.0.8.33,472,4833,Normal,S
2025-10-23 20:46:40.506424,192.168.100.3,10.0.1.24,352,1398,Normal,
2025-10-23 14:48:40.506424,192.168.100.3,10.0.9.40,542,1690,Normal,R
2025-10-23 19:47:40.506424,192.168.100.3,10.0.7.36,855,4974,Normal,F
2025-10-23 14:05:40.506424,192.168.100.3,10.0.9.47,991,2979,Attack,SA
2025-10-23 22:58:40.506424,192.168.100.3,10.0.6.25,616,905,Normal,S
2025-10-23 16:37:40.506424,192.168.100.3,10.0.9.5,113,2439,Normal,S
2025-10-23 23:48:40.506424,192.168.100.3,10.0.1.27,177,4706,Normal,F
2025-10-23 20:58:40.506424,192.168.100.3,10.0.3.40,284,814,Normal,R
2025-10-23 10:04:40.506424,192.168.100.3,10.0.8.49,659,315,Normal,R
2025-10-23 13:12:40.506424,192.168.100.3,10.0.2.4,529,4962,Normal,S
2025-10-23 19:27:40.506424,192.168.100.3,10.0.5.12,146,4669,Normal,S
2025-10-23 21:19:40.506424,192.168.100.3,10.0.7.10,674,3942,Normal,SA
2025-10-23 16:20:40.506424,192.168.100.3,10.0.3.35,807,1385,Normal,R
2025-10-23 21:02:40.506424,192.168.100.3,10.0.6.7,363,1490,Begin,R
2025-10-23 11:26:40.506424,192.168.100.3,10.0.6.40,707,1993,Normal,SA
2025-10-23 09:19:40.506424,192.168.100.4,10.0.7.22,250,4361,Normal,R
2025-10-23 20:23:40.506424,192.168.100.4,10.0.5.20,93,1260,Normal,SA
2025-10-23 09:20:40.506424,192.168.100.4,10.0.9.2,617,164,Normal,S
2025-10-23 20:49:40.506424,192.168.100.4,10.0.2.12,132,4643,Normal,
2025-10-23 17:57:40.506424,192.168.100.4,10.0.7.23,1018,2997,Normal,SA
2025-10-23 21:50:40.506424,192.168.100.4,10.0.9.40,169,611,Normal,F
2025-10-23 09:46:40.506424,192.168.100.4,10.0.10.34,215,4843,Normal,
2025-10-23 09:24:40.506424,192.168.100.4,10.0.9.26,403,161,Normal,S
2025-10-24 00:03:40.506424,192.168.100.4,10.0.3.13,221,3444,Normal,SA
2025-10-23 20:12:40.506424,192.168.100.4,10.0.4.19,447,752,Normal,
2025-10-23 12:58:40.506424,192.168.100.4,10.0.7.31,361,4805,Normal,SA
2025-10-23 14:39:40.506424,192.168.100.4,10.0.1.24,693,3852,Normal,SA
2025-10-23 10:06:40.506424,192.168.100.4,10.0.1.15,870,4122,Normal,S
2025-10-23 18:33:40.506424,192.168.100.4,10.0.6.39,795,3591,Normal,
2025-10-23 19:29:40.506424,192.168.100.4,10.0.1.45,231,4502,Normal,SA
2025-10-23 20:06:40.506424,192.168.100.4,10.0.9.17,90,2488,Normal,R
2025-10-23 10:58:40.506424,192.168.100.4,10.0.3.31,765,3089,Normal,SA
2025-10-23 19:40:40.506424,192.168.100.4,10.0.10.14,232,4586,Normal,F
2025-10-23 19:04:40.506424,192.168.100.4,10.0.6.27,580,3923,Normal,F
2025-10-23 14:43:40.506424,192.168.100.4,10.0.10.42,618,1243,Normal,S
2025-10-23 10:16:40.506424,192.168.100.4,10.0.2.35,942,3638,Attack,S
2025-10-23 12:26:40.506424,192.168.100.4,10.0.9.1,265,2556,Normal,F
2025-10-23 14:24:40.506424,192.168.100.4,10.0.6.45,759,1282,Normal,R
2025-10-23 12:28:40.506424,192.168.100.4,10.0.8.46,537,2959,Begin,F
2025-10-23 16:50:40.508753,192.168.100.4,10.0.4.37,44,2228,Normal,
2025-10-23 10:21:40.508753,192.168.100.4,10.0.2.29,718,319,Attack,S
2025-10-24 00:08:40.508753,192.168.100.4,10.0.5.34,887,4494,Normal,S
2025-10-23 23:45:40.508753,192.168.100.4,10.0.6.43,674,2573,Normal,
2025-10-23 11:49:40.508753,192.168.100.4,10.0.7.20,37,1875,Normal,R
2025-10-24 01:30:40.508753,192.168.100.4,10.0.7.32,627,4531,Normal,F
2025-10-23 19:27:40.508753,192.168.100.4,10.0.10.31,607,1103,Normal,SA
2025-10-23 13:37:40.508753,192.168.100.4,10.0.4.10,477,4620,Attack,
2025-10-23 18:59:40.508753,192.168.100.4,10.0.9.20,162,942,Normal,S
2025-10-23 17:44:40.508753,192.168.100.4,10.0.2.11,753,4395,Attack,S
2025-10-23 16:30:40.508753,192.168.100.4,10.0.3.42,853,456,Normal,F
2025-10-23 14:16:40.508753,192.168.100.4,10.0.1.22,269,2734,Normal,
2025-10-23 11:45:40.508753,192.168.100.4,10.0.1.17,197,3092,Normal,F
2025-10-23 13:27:40.508753,192.168.100.4,10.0.10.25,290,132,Normal,S
2025-10-23 15:05:40.508753,192.168.100.4,10.0.1.3,626,1970,Normal,
2025-10-23 22:19:40.508753,192.168.100.4,10.0.6.48,1018,2265,Normal,R
2025-10-23 15:27:40.508753,192.168.100.4,10.0.1.4,665,3879,Normal,R
2025-10-23 19:12:40.508753,192.168.100.4,10.0.4.9,76,4714,Normal,
2025-10-23 19:58:40.508753,192.168.100.4,10.0.1.4,63,2787,Normal,
2025-10-24 01:16:40.508753,192.168.100.4,10.0.9.35,801,1621,Begin,F
2025-10-23 19:22:40.508753,192.168.100.4,10.0.6.20,920,1482,Normal,R
2025-10-24 00:37:40.508753,192.168.100.4,10.0.5.40,154,2970,Normal,SA
2025-10-23 11:24:40.508753,192.168.100.4,10.0.8.4,933,3550,Begin,SA
2025-10-23 14:35:40.508753,192.168.100.4,10.0.10.1,186,3433,Normal,F
2025-10-23 12:34:40.508753,192.168.100.4,10.0.4.36,883,2444,Normal,SA
2025-10-23 21:30:40.508753,192.168.100.4,10.0.7.26,695,4790,Attack,
2025-10-24 00:22:40.508753,192.168.100.5,10.0.4.9,975,3816,Normal,F
2025-10-23 20:51:40.509790,192.168.100.5,10.0.9.25,77,2934,Normal,SA
2025-10-23 21:28:40.509790,192.168.100.5,10.0.10.38,52,1547,Normal,S
2025-10-23 19:27:40.509790,192.168.100.5,10.0.2.23,532,1452,Normal,F
2025-10-23 15:26:40.509790,192.168.100.5,10.0.10.26,23,2359,Attack,
2025-10-23 14:03:40.509790,192.168.100.5,10.0.1.41,109,3333,Attack,S
2025-10-23 12:14:40.509790,192.168.100.5,10.0.9.1,138,3008,Normal,SA
2025-10-23 14:15:40.509790,192.168.100.5,10.0.2.14,764,734,Normal,
2025-10-23 09:00:40.509790,192.168.100.5,10.0.4.41,252,1428,Normal,
2025-10-23 17:01:40.509790,192.168.100.5,10.0.10.18,561,4410,Normal,S
2025-10-23 12:02:40.509790,192.168.100.5,10.0.8.29,481,1699,Normal,SA
2025-10-23 19:41:40.509790,192.168.100.5,10.0.6.44,919,3666,Normal,F
2025-10-23 16:15:40.509790,192.168.100.5,10.0.5.26,100,851,Normal,
2025-10-23 11:56:40.509790,192.168.100.5,10.0.9.41,659,903,Normal,F
2025-10-23 21:44:40.509790,192.168.100.5,10.0.3.31,54,388,Normal,F
2025-10-23 09:03:40.509790,192.168.100.5,10.0.7.47,383,680,Attack,
2025-10-23 13:21:40.509790,192.168.100.5,10.0.6.46,38,2009,Attack,
2025-10-23 12:48:40.509790,192.168.100.5,10.0.4.12,757,3836,Normal,R
2025-10-23 17:20:40.509790,192.168.100.5,10.0.6.27,591,4136,Normal,S
2025-10-24 00:37:40.509790,192.168.100.5,10.0.6.15,80,279,Normal,R
2025-10-23 21:21:40.509790,192.168.100.5,10.0.8.10,829,3855,Normal,SA
2025-10-23 08:57:40.509790,192.168.100.5,10.0.7.19,424,2546,Normal,R
2025-10-23 17:39:40.509790,192.168.100.5,10.0.1.34,444,2493,Normal,F
2025-10-23 09:54:40.509790,192.168.100.5,10.0.1.47,940,560,Normal,R
2025-10-23 09:47:40.509790,192.168.100.5,10.0.3.25,26,339,Normal,F
2025-10-23 22:08:40.509790,192.168.100.5,10.0.6.30,52,2016,Normal,S
2025-10-23 12:45:40.509790,192.168.100.5,10.0.7.44,976,4723,Normal,S
2025-10-23 08:59:40.509790,192.168.100.5,10.0.8.38,577,354,Normal,R
2025-10-23 13:03:40.509790,192.168.100.5,10.0.2.25,873,1286,Normal,SA
2025-10-23 15:34:40.509790,192.168.100.5,10.0.3.16,137,1011,Attack,
2025-10-23 14:30:40.509790,192.168.100.5,10.0.7.30,807,3210,Normal,F
2025-10-23 21:15:40.509790,192.168.100.5,10.0.6.21,607,4876,Begin,SA
2025-10-23 22:54:40.509790,192.168.100.5,10.0.7.14,475,1325,Normal,F
2025-10-23 21:52:40.509790,192.168.100.5,10.0.5.24,84,430,Normal,SA
2025-10-23 16:58:40.509790,192.168.100.5,10.0.10.48,781,2895,Normal,SA
2025-10-23 14:15:40.509790,192.168.100.5,10.0.3.41,45,1014,Normal,SA
2025-10-24 01:12:40.509790,192.168.100.5,10.0.4.12,525,2744,Normal,R
2025-10-23 14:23:40.509790,192.168.100.5,10.0.2.1,104,4917,Attack,SA
2025-10-23 17:16:40.509790,192.168.100.5,10.0.7.18,220,1050,Normal,
2025-10-23 23:06:40.509790,192.168.100.5,10.0.3.42,312,4343,Normal,S
2025-10-23 23:26:40.509790,192.168.100.5,10.0.9.46,724,3544,Begin,R
2025-10-23 16:24:40.509790,192.168.100.5,10.0.8.40,113,4137,Normal,
2025-10-23 18:12:40.509790,192.168.100.5,10.0.8.26,454,1973,Normal,F
2025-10-23 21:06:40.509790,192.168.100.5,10.0.1.22,991,4580,Normal,
2025-10-23 11:23:40.509790,192.168.100.5,10.0.6.24,915,3066,Normal,S
2025-10-23 19:25:40.509790,192.168.100.5,10.0.7.20,99,4376,Normal,SA
2025-10-24 00:30:40.509790,192.168.100.5,10.0.8.5,992,4444,Normal,
2025-10-23 20:43:40.509790,192.168.100.5,10.0.10.36,645,715,Normal,
2025-10-23 14:56:40.509790,192.168.100.5,10.0.9.44,997,1737,Normal,R
2025-10-23 16:29:40.509790,192.168.100.5,10.0.6.18,313,2530,Normal,S
2025-10-24 01:16:40.509790,192.168.100.6,10.0.7.33,372,2615,Normal,
2025-10-23 17:26:40.509790,192.168.100.6,10.0.8.25,722,3940,Begin,F
2025-10-23 13:11:40.509790,192.168.100.6,10.0.8.50,596,2365,Normal,SA
2025-10-23 11:37:40.509790,192.168.100.6,10.0.2.39,864,3879,Normal,SA
2025-10-23 16:07:40.509790,192.168.100.6,10.0.10.27,998,3446,Normal,SA
2025-10-24 00:35:40.509790,192.168.100.6,10.0.9.24,283,3942,Normal,R
2025-10-23 09:22:40.509790,192.168.100.6,10.0.3.49,31,1514,Attack,S
2025-10-23 23:07:40.509790,192.168.100.6,10.0.7.48,290,2703,Normal,S
2025-10-23 17:09:40.509790,192.168.100.6,10.0.7.5,29,3765,Begin,S
2025-10-23 10:30:40.509790,192.168.100.6,10.0.4.33,992,434,Attack,
2025-10-23 21:23:40.509790,192.168.100.6,10.0.6.20,707,3199,Normal,R
2025-10-23 19:07:40.509790,192.168.100.6,10.0.10.18,699,2512,Normal,
2025-10-23 19:43:40.509790,192.168.100.6,10.0.4.27,91,1639,Normal,S
2025-10-23 13:01:40.509790,192.168.100.6,10.0.5.40,113,196,Normal,S
2025-10-23 15:59:40.509790,192.168.100.6,10.0.10.5,92,1534,Normal,R
2025-10-23 17:49:40.509790,192.168.100.6,10.0.8.24,33,1484,Normal,R
2025-10-23 14:16:40.509790,192.168.100.6,10.0.10.1,649,2161,Attack,R
2025-10-23 12:58:40.509790,192.168.100.6,10.0.7.31,279,1243,Normal,SA
2025-10-23 22:07:40.509790,192.168.100.6,10.0.5.7,298,3322,Normal,R
2025-10-23 13:02:40.509790,192.168.100.6,10.0.2.41,43,990,Normal,F
2025-10-23 16:03:40.509790,192.168.100.6,10.0.3.27,663,4333,Normal,
2025-10-23 17:52:40.509790,192.168.100.6,10.0.9.28,691,3047,Normal,F
2025-10-24 01:11:40.509790,192.168.100.6,10.0.8.20,534,1166,Normal,S
2025-10-23 18:55:40.509790,192.168.100.6,10.0.4.15,695,2842,Normal,R
2025-10-23 09:26:40.509790,192.168.100.6,10.0.7.22,100,3211,Normal,F
2025-10-23 17:30:40.509790,192.168.100.6,10.0.6.30,643,294,Begin,SA
2025-10-23 16:26:40.509790,192.168.100.6,10.0.10.31,521,759,Normal,S
2025-10-24 00:50:40.509790,192.168.100.6,10.0.9.48,108,1949,Normal,
2025-10-23 18:26:40.509790,192.168.100.6,10.0.1.29,883,2434,Normal,R
2025-10-23 10:37:40.509790,192.168.100.6,10.0.2.39,647,1949,Normal,R
2025-10-23 15:26:40.509790,192.168.100.6,10.0.1.41,574,3218,Normal,S
2025-10-23 10:03:40.509790,192.168.100.6,10.0.9.36,712,3072,Normal,S
2025-10-23 23:09:40.509790,192.168.100.6,10.0.2.27,580,1555,Normal,F
2025-10-24 00:28:40.509790,192.168.100.6,10.0.6.42,503,1922,Normal,SA
2025-10-23 14:57:40.509790,192.168.100.6,10.0.6.8,858,3237,Normal,SA
2025-10-23 22:45:40.509790,192.168.100.6,10.0.5.19,670,1925,Normal,F
2025-10-23 12:49:40.509790,192.168.100.6,10.0.1.26,482,2602,Normal,SA
2025-10-23 19:11:40.509790,192.168.100.6,10.0.2.30,912,2147,Normal,SA
2025-10-23 20:04:40.509790,192.168.100.6,10.0.9.27,866,118,Normal,
2025-10-23 15:57:40.509790,192.168.100.6,10.0.7.26,477,127,Normal,S
2025-10-23 18:39:40.509790,192.168.100.6,10.0.3.24,84,876,Normal,S
2025-10-23 14:07:40.509790,192.168.100.6,10.0.3.2,740,1871,Normal,R
2025-10-23 16:02:40.509790,192.168.100.6,10.0.10.46,809,2759,Normal,F
2025-10-24 01:17:40.509790,192.168.100.6,10.0.10.33,503,3627,Begin,R
2025-10-23 12:52:40.509790,192.168.100.6,10.0.1.8,729,657,Normal,SA
2025-10-23 15:38:40.509790,192.168.100.6,10.0.8.20,112,964,Normal,SA
2025-10-23 20:07:40.509790,192.168.100.6,10.0.3.50,619,4592,Normal,
2025-10-23 20:12:40.509790,192.168.100.6,10.0.4.32,294,1767,Normal,SA
2025-10-23 10:11:40.509790,192.168.100.6,10.0.4.39,31,3111,Normal,S
2025-10-23 14:14:40.509790,192.168.100.6,10.0.10.17,501,1946,Attack,SA
2025-10-23 13:13:40.509790,192.168.100.7,10.0.10.21,882,3903,Normal,S
2025-10-23 09:59:40.509790,192.168.100.7,10.0.4.18,194,4944,Normal,
2025-10-23 21:48:40.509790,192.168.100.7,10.0.4.6,176,3585,Normal,S
2025-10-23 23:17:40.509790,192.168.100.7,10.0.4.45,424,2175,Normal,F
2025-10-23 21:53:40.509790,192.168.100.7,10.0.8.41,617,3890,Attack,SA
2025-10-23 20:06:40.509790,192.168.100.7,10.0.10.14,942,1057,Normal,SA
2025-10-23 20:10:40.509790,192.168.100.7,10.0.9.10,781,1106,Begin,
2025-10-23 23:07:40.509790,192.168.100.7,10.0.1.21,202,2417,Normal,
2025-10-23 23:56:40.509790,192.168.100.7,10.0.1.9,461,320,Normal,R
2025-10-23 17:40:40.509790,192.168.100.7,10.0.1.14,712,3357,Normal,R
2025-10-23 16:43:40.509790,192.168.100.7,10.0.7.42,920,3396,Normal,SA
2025-10-23 14:22:40.509790,192.168.100.7,10.0.5.47,723,4998,Normal,S
2025-10-23 22:14:40.509790,192.168.100.7,10.0.6.37,111,4483,Normal,R
2025-10-23 22:49:40.509790,192.168.100.7,10.0.2.20,710,2649,Normal,S
2025-10-23 14:35:40.509790,192.168.100.7,10.0.4.9,592,4272,Normal,
2025-10-23 20:26:40.509790,192.168.100.7,10.0.2.40,518,2632,Normal,R
2025-10-23 15:14:40.509790,192.168.100.7,10.0.3.39,337,2206,Attack,SA
2025-10-23 15:19:40.509790,192.168.100.7,10.0.5.46,128,4485,Normal,S
2025-10-23 22:25:40.509790,192.168.100.7,10.0.2.8,119,1912,Normal,
2025-10-23 15:28:40.509790,192.168.100.7,10.0.1.14,221,134,Normal,R
2025-10-23 21:06:40.509790,192.168.100.7,10.0.7.8,686,1431,Normal,S
2025-10-23 14:11:40.509790,192.168.100.7,10.0.4.36,178,1359,Begin,SA
2025-10-24 00:21:40.509790,192.168.100.7,10.0.4.19,667,4289,Begin,SA
2025-10-23 12:09:40.509790,192.168.100.7,10.0.10.24,220,3088,Normal,R
2025-10-23 17:58:40.509790,192.168.100.7,10.0.7.29,1010,614,Normal,SA
2025-10-23 15:59:40.509790,192.168.100.7,10.0.6.1,675,3456,Normal,
2025-10-24 01:04:40.509790,192.168.100.7,10.0.4.26,708,2884,Normal,SA
2025-10-24 00:42:40.509790,192.168.100.7,10.0.3.6,551,1850,Normal,SA
2025-10-23 15:55:40.509790,192.168.100.7,10.0.1.2,119,176,Attack,
2025-10-23 17:51:40.509790,192.168.100.7,10.0.3.37,562,4863,Normal,R
2025-10-23 12:04:40.509790,192.168.100.7,10.0.9.41,1020,541,Normal,S
2025-10-23 23:55:40.509790,192.168.100.7,10.0.9.25,771,1623,Normal,F
2025-10-23 23:14:40.509790,192.168.100.7,10.0.6.14,692,1828,Normal,S
2025-10-23 23:04:40.509790,192.168.100.7,10.0.9.37,576,4426,Normal,S
2025-10-23 17:01:40.509790,192.168.100.7,10.0.2.47,255,2737,Normal,SA
2025-10-23 12:53:40.509790,192.168.100.7,10.0.1.38,903,3704,Normal,S
2025-10-23 22:51:40.509790,192.168.100.7,10.0.10.14,332,336,Normal,F
2025-10-23 17:26:40.509790,192.168.100.7,10.0.6.24,601,2480,Normal,S
2025-10-24 01:18:40.509790,192.168.100.7,10.0.8.44,161,3158,Normal,R
2025-10-23 09:47:40.513904,192.168.100.7,10.0.7.43,996,2827,Attack,S
2025-10-23 21:34:40.513904,192.168.100.7,10.0.7.34,948,4479,Normal,F
2025-10-23 16:11:40.513904,192.168.100.7,10.0.5.37,999,4526,Normal,S
2025-10-23 13:30:40.513904,192.168.100.7,10.0.6.28,501,4894,Normal,
2025-10-24 00:09:40.513904,192.168.100.7,10.0.6.47,182,647,Attack,
2025-10-23 13:14:40.513904,192.168.100.7,10.0.1.16,885,4086,Normal,
2025-10-23 19:46:40.513904,192.168.100.7,10.0.6.41,712,892,Attack,
2025-10-23 22:56:40.513904,192.168.100.7,10.0.3.9,180,3238,Normal,
2025-10-23 21:15:40.513904,192.168.100.7,10.0.1.34,660,4733,Attack,S
2025-10-23 17:34:40.513904,192.168.100.7,10.0.3.41,584,684,Begin,S
2025-10-23 16:09:40.513904,192.168.100.7,10.0.8.3,494,3214,Attack,F
2025-10-23 23:00:40.513904,192.168.100.8,10.0.8.47,659,606,Normal,
2025-10-24 00:49:40.513904,192.168.100.8,10.0.3.5,194,1558,Normal,R
2025-10-24 01:16:40.513904,192.168.100.8,10.0.6.8,605,2413,Normal,F
2025-10-23 11:11:40.513904,192.168.100.8,10.0.10.17,305,2069,Begin,R
2025-10-24 01:33:40.513904,192.168.100.8,10.0.8.17,239,4787,Normal,R
2025-10-23 21:48:40.513904,192.168.100.8,10.0.1.32,724,1830,Begin,S
2025-10-23 12:03:40.513904,192.168.100.8,10.0.10.48,969,2359,Normal,F
2025-10-23 18:35:40.513904,192.168.100.8,10.0.1.34,682,4058,Normal,R
2025-10-23 18:09:40.513904,192.168.100.8,10.0.9.24,137,4140,Normal,S
2025-10-23 10:25:40.513904,192.168.100.8,10.0.6.44,320,2536,Normal,F
2025-10-23 16:24:40.513904,192.168.100.8,10.0.2.45,224,2803,Normal,SA
2025-10-23 18:03:40.513904,192.168.100.8,10.0.4.15,896,2262,Normal,SA
2025-10-23 16:40:40.513904,192.168.100.8,10.0.8.46,364,3112,Begin,SA
2025-10-23 10:09:40.513904,192.168.100.8,10.0.3.5,501,1949,Normal,
2025-10-23 23:04:40.513904,192.168.100.8,10.0.4.11,1022,1574,Normal,F
2025-10-23 20:49:40.513904,192.168.100.8,10.0.8.25,459,4906,Normal,F
2025-10-23 12:05:40.513904,192.168.100.8,10.0.4.24,786,2594,Begin,R
2025-10-23 11:55:40.513904,192.168.100.8,10.0.3.47,950,843,Begin,SA
2025-10-23 14:00:40.513904,192.168.100.8,10.0.9.10,391,2621,Normal,
2025-10-23 23:09:40.513904,192.168.100.8,10.0.8.40,439,2767,Begin,S
2025-10-23 15:17:40.513904,192.168.100.8,10.0.10.15,269,2216,Normal,
2025-10-23 23:45:40.513904,192.168.100.8,10.0.3.23,397,534,Normal,S
2025-10-23 13:38:40.513904,192.168.100.8,10.0.6.17,284,4719,Normal,S
2025-10-23 22:45:40.513904,192.168.100.8,10.0.5.17,963,3059,Normal,F
2025-10-23 23:11:40.513904,192.168.100.8,10.0.10.37,942,639,Normal,R
2025-10-23 18:15:40.513904,192.168.100.8,10.0.4.35,231,3158,Begin,R
2025-10-23 18:59:40.513904,192.168.100.8,10.0.4.19,908,3798,Normal,F
2025-10-23 13:17:40.513904,192.168.100.8,10.0.8.48,162,2636,Normal,SA
2025-10-23 18:49:40.513904,192.168.100.8,10.0.6.32,294,4232,Normal,
2025-10-23 11:20:40.513904,192.168.100.8,10.0.10.14,386,1301,Normal,SA
2025-10-23 14:47:40.513904,192.168.100.8,10.0.7.43,592,1838,Normal,F
2025-10-23 11:14:40.513904,192.168.100.8,10.0.2.16,616,821,Normal,F
2025-10-23 21:45:40.513904,192.168.100.8,10.0.9.42,288,2370,Begin,SA
2025-10-23 20:36:40.513904,192.168.100.8,10.0.2.42,483,284,Normal,SA
2025-10-23 15:45:40.513904,192.168.100.8,10.0.5.7,616,511,Normal,S
2025-10-23 13:42:40.513904,192.168.100.8,10.0.9.30,796,3234,Normal,
2025-10-23 16:23:40.513904,192.168.100.8,10.0.3.23,204,3998,Attack,S
2025-10-23 10:02:40.513904,192.168.100.8,10.0.2.12,111,4247,Normal,F
2025-10-23 23:56:40.513904,192.168.100.8,10.0.8.2,879,1534,Attack,SA
2025-10-23 16:51:40.513904,192.168.100.8,10.0.7.34,20,3049,Normal,
2025-10-23 20:34:40.513904,192.168.100.8,10.0.5.4,774,748,Normal,SA
2025-10-23 15:26:40.513904,192.168.100.8,10.0.1.29,698,982,Normal,R
2025-10-24 00:30:40.513904,192.168.100.8,10.0.2.46,945,3076,Normal,S
2025-10-23 20:45:40.513904,192.168.100.8,10.0.7.24,995,3055,Normal,
2025-10-23 22:08:40.513904,192.168.100.8,10.0.8.27,647,1338,Attack,
2025-10-23 19:25:40.513904,192.168.100.8,10.0.8.30,132,2342,Normal,R
2025-10-23 10:33:40.516027,192.168.100.8,10.0.8.44,464,3668,Normal,SA
2025-10-23 20:39:40.516027,192.168.100.8,10.0.1.26,31,133,Normal,F
2025-10-23 15:23:40.516027,192.168.100.8,10.0.8.47,40,883,Normal,S
2025-10-23 21:55:40.516027,192.168.100.8,10.0.5.32,377,1553,Normal,SA
2025-10-23 23:34:40.516027,192.168.100.9,10.0.4.21,281,2050,Normal,SA
2025-10-23 15:04:40.516027,192.168.100.9,10.0.3.26,674,2235,Begin,F
2025-10-23 20:37:40.516027,192.168.100.9,10.0.1.37,906,3737,Normal,SA
2025-10-23 16:29:40.516027,192.168.100.9,10.0.10.2,26,1826,Normal,S
2025-10-23 21:02:40.516027,192.168.100.9,10.0.4.44,715,4257,Begin,F
2025-10-23 14:31:40.516027,192.168.100.9,10.0.10.22,699,1783,Normal,R
2025-10-23 17:54:40.516027,192.168.100.9,10.0.6.19,824,1249,Normal,F
2025-10-23 11:36:40.516027,192.168.100.9,10.0.5.38,444,3812,Normal,F
2025-10-23 12:07:40.516027,192.168.100.9,10.0.2.44,657,2471,Normal,F
2025-10-23 09:02:40.516027,192.168.100.9,10.0.2.22,979,1788,Normal,F
2025-10-23 17:24:40.516027,192.168.100.9,10.0.5.1,115,4723,Begin,S
2025-10-23 11:04:40.516027,192.168.100.9,10.0.7.20,833,4122,Normal,
2025-10-23 20:07:40.516027,192.168.100.9,10.0.1.28,734,1531,Begin,F
2025-10-23 10:53:40.516027,192.168.100.9,10.0.10.22,486,2736,Normal,
2025-10-23 14:56:40.516027,192.168.100.9,10.0.6.18,410,4412,Normal,F
2025-10-23 16:29:40.516027,192.168.100.9,10.0.7.20,75,190,Attack,SA
2025-10-23 09:58:40.516027,192.168.100.9,10.0.2.26,765,1823,Begin,F
2025-10-24 01:24:40.516027,192.168.100.9,10.0.4.25,239,4312,Normal,S
2025-10-23 21:00:40.516027,192.168.100.9,10.0.9.21,945,3313,Attack,SA
2025-10-23 22:53:40.516027,192.168.100.9,10.0.2.10,650,2652,Begin,
2025-10-23 18:56:40.516027,192.168.100.9,10.0.7.2,463,4278,Begin,S
2025-10-23 18:25:40.516027,192.168.100.9,10.0.1.43,207,2101,Normal,S
2025-10-23 10:57:40.516027,192.168.100.9,10.0.2.47,29,2180,Normal,S
2025-10-23 11:58:40.516027,192.168.100.9,10.0.6.12,456,4712,Normal,
2025-10-24 00:59:40.516027,192.168.100.9,10.0.5.11,90,854,Normal,SA
2025-10-23 22:26:40.516027,192.168.100.9,10.0.6.11,250,4196,Normal,F
2025-10-23 14:42:40.516027,192.168.100.9,10.0.6.30,526,1376,Normal,S
2025-10-23 10:33:40.516027,192.168.100.9,10.0.8.17,361,530,Attack,SA
2025-10-23 22:26:40.516027,192.168.100.9,10.0.10.30,671,4404,Normal,F
2025-10-23 23:24:40.516027,192.168.100.9,10.0.1.3,704,2825,Normal,
2025-10-24 00:36:40.516027,192.168.100.9,10.0.8.37,430,3988,Begin,F
2025-10-23 21:05:40.516027,192.168.100.9,10.0.3.4,192,1990,Begin,R
2025-10-23 10:20:40.516027,192.168.100.9,10.0.6.18,355,2545,Attack,SA
2025-10-23 13:20:40.516027,192.168.100.9,10.0.9.4,894,3938,Normal,S
2025-10-23 11:26:40.516027,192.168.100.9,10.0.5.33,1012,453,Normal,S
2025-10-23 09:58:40.516027,192.168.100.9,10.0.1.19,824,193,Begin,SA
2025-10-23 18:25:40.516027,192.168.100.9,10.0.1.23,523,555,Normal,F
2025-10-23 22:43:40.516027,192.168.100.9,10.0.8.21,864,2174,Normal,R
2025-10-23 10:42:40.516027,192.168.100.9,10.0.6.41,428,2268,Begin,SA
2025-10-23 14:53:40.516027,192.168.100.9,10.0.1.6,541,2327,Normal,R
2025-10-23 11:04:40.516027,192.168.100.9,10.0.9.44,257,2508,Normal,R
2025-10-23 16:11:40.516027,192.168.100.9,10.0.2.24,587,2480,Begin,
2025-10-23 23:02:40.516027,192.168.100.9,10.0.8.45,578,1398,Attack,F
2025-10-23 22:27:40.516027,192.168.100.9,10.0.1.7,309,1671,Normal,F
2025-10-23 21:56:40.516027,192.168.100.9,10.0.1.33,368,2029,Begin,
2025-10-23 12:07:40.516027,192.168.100.9,10.0.9.26,539,4284,Normal,F
2025-10-23 18:53:40.516027,192.168.100.9,10.0.6.16,1017,987,Normal,S
2025-10-23 20:54:40.516027,192.168.100.9,10.0.2.24,190,1597,Normal,F
2025-10-23 13:38:40.516027,192.168.100.9,10.0.4.44,211,1488,Normal,S
2025-10-23 17:54:40.516027,192.168.100.9,10.0.7.23,841,2283,Normal,F
2025-10-23 21:32:40.516027,192.168.100.10,10.0.2.44,152,2883,Normal,F
2025-10-23 15:01:40.516027,192.168.100.10,10.0.7.12,78,3560,Normal,S
2025-10-23 23:32:40.516027,192.168.100.10,10.0.4.49,826,1572,Begin,SA
2025-10-23 22:08:40.516027,192.168.100.10,10.0.7.28,773,2667,Attack,
2025-10-23 13:46:40.516027,192.168.100.10,10.0.2.46,769,1795,Begin,S
2025-10-23 19:36:40.516027,192.168.100.10,10.0.6.29,636,3249,Normal,F
2025-10-23 22:01:40.516027,192.168.100.10,10.0.10.7,447,3854,Normal,F
2025-10-23 23:32:40.516027,192.168.100.10,10.0.10.2,832,1705,Normal,F
2025-10-23 08:58:40.516027,192.168.100.10,10.0.7.23,350,1746,Normal,SA
2025-10-23 13:59:40.516027,192.168.100.10,10.0.3.8,536,4522,Normal,
2025-10-23 11:10:40.516027,192.168.100.10,10.0.1.2,801,1838,Begin,F
2025-10-24 01:32:40.516027,192.168.100.10,10.0.9.11,67,231,Normal,F
2025-10-23 19:58:40.516027,192.168.100.10,10.0.6.27,386,2788,Normal,S
2025-10-23 13:49:40.516027,192.168.100.10,10.0.4.25,76,3728,Normal,F
2025-10-23 17:36:40.516027,192.168.100.10,10.0.4.31,209,2903,Normal,SA
2025-10-23 10:43:40.516027,192.168.100.10,10.0.2.16,623,3295,Begin,
2025-10-23 17:13:40.516027,192.168.100.10,10.0.6.11,130,3143,Normal,S
2025-10-23 22:33:40.516027,192.168.100.10,10.0.3.27,467,4667,Normal,F
2025-10-24 00:48:40.516027,192.168.100.10,10.0.6.20,255,1951,Normal,S
2025-10-23 09:37:40.516027,192.168.100.10,10.0.6.1,947,1229,Normal,SA
2025-10-23 17:55:40.516027,192.168.100.10,10.0.1.39,493,3644,Begin,R
2025-10-23 23:06:40.516027,192.168.100.10,10.0.6.18,814,642,Normal,F
2025-10-23 21:19:40.516027,192.168.100.10,10.0.1.40,578,4854,Normal,SA
2025-10-23 09:07:40.516027,192.168.100.10,10.0.10.5,607,1721,Normal,SA
2025-10-23 15:39:40.516027,192.168.100.10,10.0.10.36,151,641,Normal,
2025-10-23 16:23:40.516027,192.168.100.10,10.0.5.40,656,4213,Normal,F
2025-10-23 16:29:40.516027,192.168.100.10,10.0.10.2,237,4680,Normal,
2025-10-23 15:36:40.516027,192.168.100.10,10.0.7.27,662,2982,Normal,S
2025-10-23 15:28:40.516027,192.168.100.10,10.0.4.9,129,1963,Attack,SA
2025-10-23 11:31:40.516027,192.168.100.10,10.0.6.16,293,264,Begin,F
2025-10-23 23:47:40.516027,192.168.100.10,10.0.8.4,644,474,Attack,SA
2025-10-23 23:53:40.516027,192.168.100.10,10.0.4.48,608,2350,Begin,S
2025-10-23 16:13:40.516027,192.168.100.10,10.0.6.18,829,161,Normal,S
2025-10-23 15:19:40.516027,192.168.100.10,10.0.10.41,727,1376,Normal,S
2025-10-23 22:31:40.516027,192.168.100.10,10.0.7.45,602,1580,Normal,F
2025-10-23 19:25:40.516027,192.168.100.10,10.0.2.36,518,3177,Normal,SA
2025-10-23 15:05:40.516027,192.168.100.10,10.0.8.11,355,4350,Normal,SA
2025-10-23 14:50:40.516027,192.168.100.10,10.0.2.49,975,2225,Begin,F
2025-10-23 15:31:40.516027,192.168.100.10,10.0.9.36,739,4663,Attack,
2025-10-23 20:50:40.516027,192.168.100.10,10.0.9.19,701,2282,Attack,S
2025-10-23 23:04:40.516027,192.168.100.10,10.0.10.34,549,1525,Begin,S
2025-10-23 12:16:40.516027,192.168.100.10,10.0.7.27,875,4428,Normal,R
2025-10-23 16:34:40.516027,192.168.100.10,10.0.5.50,319,675,Normal,R
2025-10-23 09:35:40.516027,192.168.100.10,10.0.1.23,417,4968,Normal,S
2025-10-23 10:06:40.516027,192.168.100.10,10.0.7.50,512,3003,Normal,
2025-10-23 20:34:40.516027,192.168.100.10,10.0.3.50,949,3153,Normal,SA
2025-10-23 13:09:40.516027,192.168.100.10,10.0.1.49,839,3977,Attack,S
2025-10-23 10:57:40.516027,192.168.100.10,10.0.7.25,185,312,Normal,S
2025-10-23 18:17:40.516027,192.168.100.10,10.0.10.14,159,100,Normal,
2025-10-24 01:00:40.516027,192.168.100.10,10.0.2.18,950,3418,Normal,SA
2025-10-23 21:21:40.516027,192.168.100.11,10.0.8.29,86,2174,Normal,
2025-10-23 10:36:40.516027,192.168.100.11,10.0.4.49,459,2302,Normal,R
2025-10-23 15:50:40.516027,192.168.100.11,10.0.9.50,476,2461,Begin,F
2025-10-23 15:24:40.516027,192.168.100.11,10.0.7.22,494,246,Normal,R
2025-10-23 10:24:40.516027,192.168.100.11,10.0.6.5,91,3667,Attack,SA
2025-10-23 19:59:40.516027,192.168.100.11,10.0.8.15,754,3361,Normal,
2025-10-24 01:24:40.516027,192.168.100.11,10.0.8.42,206,1208,Normal,S
2025-10-23 16:32:40.516027,192.168.100.11,10.0.1.36,54,2944,Normal,R
2025-10-23 22:48:40.516027,192.168.100.11,10.0.8.3,203,4682,Begin,S
2025-10-23 21:53:40.516027,192.168.100.11,10.0.9.27,609,1089,Normal,S
2025-10-23 23:04:40.516027,192.168.100.11,10.0.4.12,200,3924,Normal,R
2025-10-23 15:31:40.516027,192.168.100.11,10.0.6.28,671,2954,Normal,SA
2025-10-23 23:58:40.516027,192.168.100.11,10.0.6.28,191,4092,Normal,SA
2025-10-23 10:18:40.516027,192.168.100.11,10.0.5.12,541,2528,Normal,SA
2025-10-23 19:48:40.516027,192.168.100.11,10.0.4.25,645,380,Begin,R
2025-10-23 15:26:40.516027,192.168.100.11,10.0.7.1,184,1704,Attack,F
2025-10-23 14:01:40.516027,192.168.100.11,10.0.5.15,779,207,Normal,S
2025-10-23 09:32:40.516027,192.168.100.11,10.0.2.9,1004,1557,Normal,R
2025-10-23 19:25:40.516027,192.168.100.11,10.0.1.12,786,353,Begin,F
2025-10-23 13:16:40.516027,192.168.100.11,10.0.7.3,529,595,Normal,
2025-10-23 14:05:40.516027,192.168.100.11,10.0.6.27,196,3746,Normal,F
2025-10-23 22:31:40.516027,192.168.100.11,10.0.4.19,993,3238,Normal,R
2025-10-23 19:41:40.516027,192.168.100.11,10.0.8.1,757,4119,Normal,S
2025-10-23 16:17:40.516027,192.168.100.11,10.0.3.13,820,3212,Normal,F
2025-10-23 09:45:40.516027,192.168.100.11,10.0.9.37,880,4360,Normal,SA
2025-10-23 20:02:40.516027,192.168.100.11,10.0.7.38,150,2304,Normal,F
2025-10-23 11:14:40.516027,192.168.100.11,10.0.5.49,1011,4000,Normal,F
2025-10-23 23:03:40.516027,192.168.100.11,10.0.1.41,431,1076,Normal,R
2025-10-23 11:12:40.516027,192.168.100.11,10.0.8.42,125,1967,Normal,R
2025-10-23 10:17:40.516027,192.168.100.11,10.0.1.29,251,3118,Normal,F
2025-10-23 15:08:40.516027,192.168.100.11,10.0.6.43,766,283,Normal,R
2025-10-23 11:21:40.516027,192.168.100.11,10.0.7.46,861,880,Normal,SA
2025-10-23 17:20:40.516027,192.168.100.11,10.0.5.17,874,2224,Begin,SA
2025-10-23 13:07:40.516027,192.168.100.11,10.0.7.20,564,1965,Normal,F
2025-10-23 21:24:40.516027,192.168.100.11,10.0.4.38,210,1730,Normal,R
2025-10-23 15:00:40.516027,192.168.100.11,10.0.1.49,358,915,Normal,SA
2025-10-23 22:47:40.516027,192.168.100.11,10.0.6.36,123,1704,Normal,F
2025-10-23 12:30:40.516027,192.168.100.11,10.0.2.48,396,2902,Normal,
2025-10-23 17:09:40.516027,192.168.100.11,10.0.1.42,410,1844,Normal,SA
2025-10-23 16:54:40.516027,192.168.100.11,10.0.10.2,874,2270,Normal,
2025-10-23 16:41:40.516027,192.168.100.11,10.0.5.50,901,3755,Normal,S
2025-10-23 21:20:40.516027,192.168.100.11,10.0.7.27,335,4075,Begin,SA
2025-10-23 09:18:40.516027,192.168.100.11,10.0.6.8,335,261,Normal,SA
2025-10-23 15:56:40.516027,192.168.100.11,10.0.7.19,144,1763,Begin,
2025-10-23 17:54:40.516027,192.168.100.11,10.0.5.34,319,1119,Normal,
2025-10-23 18:33:40.516027,192.168.100.11,10.0.9.28,816,3891,Normal,F
2025-10-23 20:50:40.516027,192.168.100.11,10.0.2.5,873,1889,Normal,S
2025-10-23 19:54:40.516027,192.168.100.11,10.0.7.11,307,4637,Normal,SA
2025-10-23 10:56:40.516027,192.168.100.11,10.0.1.10,724,4305,Begin,
2025-10-23 19:51:40.516027,192.168.100.11,10.0.7.9,371,139,Normal,R
2025-10-24 00:55:40.516027,192.168.100.12,10.0.8.28,889,815,Normal,R
2025-10-24 00:12:40.516027,192.168.100.12,10.0.5.47,931,145,Begin,R
2025-10-23 17:21:40.516027,192.168.100.12,10.0.10.5,508,2789,Begin,S
2025-10-23 20:05:40.516027,192.168.100.12,10.0.5.25,644,1136,Normal,R
2025-10-24 01:15:40.516027,192.168.100.12,10.0.4.13,102,4357,Begin,
2025-10-23 13:26:40.516027,192.168.100.12,10.0.1.26,1023,2253,Begin,F
2025-10-23 10:53:40.516027,192.168.100.12,10.0.4.50,56,1920,Normal,
2025-10-23 14:46:40.516027,192.168.100.12,10.0.5.21,285,3162,Normal,F
2025-10-23 22:25:40.516027,192.168.100.12,10.0.8.16,175,1289,Normal,SA
2025-10-23 18:43:40.516027,192.168.100.12,10.0.3.21,620,2565,Normal,F
2025-10-23 09:30:40.516027,192.168.100.12,10.0.1.8,23,3100,Normal,S
2025-10-23 14:04:40.520697,192.168.100.12,10.0.5.19,501,3846,Begin,SA
2025-10-23 11:17:40.520697,192.168.100.12,10.0.1.24,736,3646,Normal,SA
2025-10-23 22:11:40.520697,192.168.100.12,10.0.7.17,371,4671,Begin,SA
2025-10-23 19:55:40.520697,192.168.100.12,10.0.5.29,431,2659,Normal,
2025-10-23 12:04:40.520697,192.168.100.12,10.0.4.31,742,3015,Normal,F
2025-10-23 13:49:40.520697,192.168.100.12,10.0.6.44,914,827,Begin,SA
2025-10-23 22:51:40.520697,192.168.100.12,10.0.7.39,574,3307,Normal,S
2025-10-23 13:52:40.520697,192.168.100.12,10.0.9.50,738,1633,Normal,S
2025-10-23 13:47:40.520697,192.168.100.12,10.0.2.41,333,2246,Begin,R
2025-10-23 10:31:40.520697,192.168.100.12,10.0.1.11,715,469,Normal,F
2025-10-23 23:03:40.520697,192.168.100.12,10.0.2.16,203,208,Attack,R
2025-10-23 11:37:40.520697,192.168.100.12,10.0.6.18,156,4325,Attack,S
2025-10-23 15:15:40.520697,192.168.100.12,10.0.1.11,242,1416,Normal,
2025-10-24 00:39:40.520697,192.168.100.12,10.0.1.45,168,2795,Begin,F
2025-10-23 13:23:40.520697,192.168.100.12,10.0.10.10,494,3034,Begin,R
2025-10-23 18:53:40.520697,192.168.100.12,10.0.7.45,584,3911,Normal,S
2025-10-23 18:07:40.520697,192.168.100.12,10.0.5.17,944,2828,Normal,S
2025-10-24 01:14:40.520697,192.168.100.12,10.0.7.16,677,3804,Begin,S
2025-10-23 11:43:40.520697,192.168.100.12,10.0.8.31,464,1497,Normal,SA
2025-10-23 11:43:40.520697,192.168.100.12,10.0.6.32,884,955,Begin,R
2025-10-23 18:30:40.520697,192.168.100.12,10.0.8.49,772,4051,Normal,F
2025-10-23 13:47:40.520697,192.168.100.12,10.0.5.3,291,1062,Normal,F
2025-10-23 18:43:40.520697,192.168.100.12,10.0.5.1,252,3155,Begin,F
2025-10-23 18:29:40.520697,192.168.100.12,10.0.8.44,994,2951,Normal,
2025-10-23 09:21:40.520697,192.168.100.12,10.0.8.14,680,1034,Normal,
2025-10-23 11:44:40.520697,192.168.100.12,10.0.8.7,954,312,Normal,F
2025-10-23 14:40:40.520697,192.168.100.12,10.0.2.7,507,3710,Normal,S
2025-10-23 20:22:40.520697,192.168.100.12,10.0.8.13,820,4341,Normal,R
2025-10-23 14:36:40.520697,192.168.100.12,10.0.9.20,110,4976,Normal,R
2025-10-23 22:30:40.520697,192.168.100.12,10.0.8.16,529,3545,Normal,R
2025-10-23 19:24:40.520697,192.168.100.12,10.0.9.9,888,2106,Attack,R
2025-10-23 22:07:40.520697,192.168.100.12,10.0.4.8,353,984,Begin,
2025-10-23 09:51:40.520697,192.168.100.12,10.0.5.3,154,2477,Normal,SA
2025-10-24 00:56:40.520697,192.168.100.12,10.0.2.21,902,2903,Normal,F
2025-10-23 21:00:40.520697,192.168.100.12,10.0.1.21,854,2109,Normal,F
2025-10-24 00:26:40.520697,192.168.100.12,10.0.6.45,651,3556,Normal,
2025-10-23 20:29:40.520697,192.168.100.12,10.0.2.28,293,230,Normal,R
2025-10-23 22:29:40.522001,192.168.100.12,10.0.3.24,67,579,Normal,
2025-10-23 17:30:40.522001,192.168.100.12,10.0.2.11,200,1210,Normal,S
2025-10-23 14:21:40.522001,192.168.100.13,10.0.8.29,890,3787,Normal,F
2025-10-23 17:00:40.522001,192.168.100.13,10.0.4.48,504,3551,Normal,SA
2025-10-23 18:34:40.522001,192.168.100.13,10.0.1.18,210,1676,Normal,S
2025-10-23 17:21:40.522001,192.168.100.13,10.0.7.38,837,2180,Normal,SA
2025-10-23 16:02:40.522001,192.168.100.13,10.0.1.7,926,1813,Normal,SA
2025-10-23 10:19:40.522001,192.168.100.13,10.0.10.31,404,1600,Attack,F
2025-10-23 20:20:40.522001,192.168.100.13,10.0.1.30,772,3800,Normal,S
2025-10-23 23:59:40.522001,192.168.100.13,10.0.2.25,620,2761,Normal,
2025-10-23 14:12:40.522001,192.168.100.13,10.0.1.47,190,4800,Attack,F
2025-10-23 19:16:40.522001,192.168.100.13,10.0.3.13,779,1715,Normal,
2025-10-23 13:22:40.522001,192.168.100.13,10.0.1.38,626,1366,Begin,SA
2025-10-23 21:44:40.522001,192.168.100.13,10.0.6.8,943,3824,Begin,
2025-10-23 09:15:40.522001,192.168.100.13,10.0.7.29,401,1006,Normal,F
2025-10-23 19:19:40.522001,192.168.100.13,10.0.5.18,205,4421,Normal,SA
2025-10-23 09:32:40.522001,192.168.100.13,10.0.3.13,118,4127,Normal,F
2025-10-23 23:36:40.522001,192.168.100.13,10.0.3.29,267,3265,Normal,R
2025-10-23 12:21:40.522001,192.168.100.13,10.0.3.20,772,2575,Normal,S
2025-10-23 12:10:40.522001,192.168.100.13,10.0.1.39,900,1221,Normal,F
2025-10-23 13:10:40.522001,192.168.100.13,10.0.9.5,915,1298,Attack,F
2025-10-23 09:23:40.522001,192.168.100.13,10.0.8.12,364,2180,Begin,F
2025-10-23 14:35:40.522001,192.168.100.13,10.0.3.16,905,3704,Normal,S
2025-10-23 22:55:40.522001,192.168.100.13,10.0.1.5,564,3008,Attack,SA
2025-10-23 13:25:40.522001,192.168.100.13,10.0.2.22,932,2704,Attack,SA
2025-10-23 19:59:40.522001,192.168.100.13,10.0.1.23,489,4833,Normal,SA
2025-10-23 13:50:40.523004,192.168.100.13,10.0.1.31,145,429,Normal,
2025-10-23 19:49:40.523004,192.168.100.13,10.0.8.30,396,1996,Attack,SA
2025-10-23 23:45:40.523004,192.168.100.13,10.0.7.43,250,4241,Normal,F
2025-10-23 17:26:40.523004,192.168.100.13,10.0.3.5,918,4648,Normal,SA
2025-10-23 13:52:40.523004,192.168.100.13,10.0.3.8,821,261,Begin,S
2025-10-23 16:31:40.523004,192.168.100.13,10.0.4.27,774,4376,Normal,S
2025-10-23 14:05:40.523004,192.168.100.13,10.0.6.44,979,3691,Normal,F
2025-10-23 17:53:40.523004,192.168.100.13,10.0.8.11,72,2779,Begin,F
2025-10-23 13:06:40.523004,192.168.100.13,10.0.9.32,345,2637,Normal,R
2025-10-23 13:32:40.523004,192.168.100.13,10.0.8.42,898,4616,Normal,F
2025-10-23 15:29:40.523004,192.168.100.13,10.0.9.27,167,1204,Normal,
2025-10-23 18:19:40.523004,192.168.100.13,10.0.4.7,522,3245,Normal,
2025-10-23 18:36:40.523004,192.168.100.13,10.0.6.36,754,917,Normal,F
2025-10-23 11:52:40.523004,192.168.100.13,10.0.1.50,621,4342,Normal,SA
2025-10-23 13:53:40.523004,192.168.100.13,10.0.2.32,1024,4367,Normal,R
2025-10-24 00:48:40.523004,192.168.100.13,10.0.10.1,376,2620,Begin,SA
2025-10-23 23:24:40.523004,192.168.100.13,10.0.2.27,734,4820,Normal,R
2025-10-23 16:38:40.523004,192.168.100.13,10.0.1.21,873,1129,Normal,
2025-10-23 20:03:40.523004,192.168.100.13,10.0.8.31,517,3885,Normal,SA
2025-10-23 16:14:40.523004,192.168.100.13,10.0.4.34,572,3431,Normal,F
2025-10-23 19:07:40.523004,192.168.100.13,10.0.1.31,937,2091,Normal,SA
2025-10-23 13:23:40.523004,192.168.100.13,10.0.8.32,169,2075,Normal,SA
2025-10-23 14:13:40.523004,192.168.100.13,10.0.2.7,941,1022,Attack,SA
2025-10-23 15:26:40.523004,192.168.100.13,10.0.1.27,446,3841,Normal,SA
2025-10-23 09:09:40.523004,192.168.100.13,10.0.9.22,715,3684,Attack,R
2025-10-23 23:09:40.523004,192.168.100.13,10.0.1.20,439,4106,Normal,SA
2025-10-23 18:45:40.523004,192.168.100.14,10.0.1.37,554,245,Normal,SA
2025-10-23 20:10:40.523004,192.168.100.14,10.0.1.4,874,1618,Normal,F
2025-10-23 12:37:40.523004,192.168.100.14,10.0.2.16,75,2470,Begin,R
2025-10-23 19:29:40.523004,192.168.100.14,10.0.5.5,585,2176,Normal,SA
2025-10-23 19:30:40.523004,192.168.100.14,10.0.4.44,900,4796,Normal,SA
2025-10-23 23:22:40.523004,192.168.100.14,10.0.2.14,690,2524,Normal,SA
2025-10-23 13:45:40.523004,192.168.100.14,10.0.4.47,212,4788,Normal,R
2025-10-23 23:32:40.523004,192.168.100.14,10.0.9.39,313,3045,Normal,SA
2025-10-24 00:37:40.523004,192.168.100.14,10.0.9.49,115,735,Normal,R
2025-10-23 23:11:40.523004,192.168.100.14,10.0.2.43,271,1955,Normal,S
2025-10-23 21:09:40.523004,192.168.100.14,10.0.8.3,24,2676,Normal,SA
2025-10-23 18:25:40.524507,192.168.100.14,10.0.9.32,454,3090,Attack,SA
2025-10-23 13:31:40.524507,192.168.100.14,10.0.5.11,464,2877,Normal,
2025-10-23 16:41:40.524507,192.168.100.14,10.0.2.48,826,3457,Begin,
2025-10-23 13:34:40.524507,192.168.100.14,10.0.10.29,361,2358,Normal,SA
2025-10-23 19:54:40.524507,192.168.100.14,10.0.1.21,231,1209,Normal,S
2025-10-23 12:31:40.524507,192.168.100.14,10.0.8.32,37,469,Begin,SA
2025-10-23 19:24:40.524507,192.168.100.14,10.0.10.14,915,1271,Normal,S
2025-10-23 10:27:40.524507,192.168.100.14,10.0.7.18,720,3962,Normal,
2025-10-23 10:58:40.524507,192.168.100.14,10.0.1.32,223,1415,Normal,
2025-10-23 22:01:40.524507,192.168.100.14,10.0.7.46,54,1991,Begin,S
2025-10-23 14:30:40.524507,192.168.100.14,10.0.7.14,682,3757,Normal,F
2025-10-23 11:59:40.524507,192.168.100.14,10.0.3.18,76,2595,Begin,R
2025-10-23 18:02:40.524507,192.168.100.14,10.0.9.17,871,1150,Normal,R
2025-10-23 12:22:40.524507,192.168.100.14,10.0.9.2,69,3469,Normal,S
2025-10-24 01:20:40.524507,192.168.100.14,10.0.2.24,86,901,Normal,R
2025-10-23 16:06:40.524507,192.168.100.14,10.0.1.28,831,4174,Normal,S
2025-10-23 20:47:40.524507,192.168.100.14,10.0.8.22,139,3899,Normal,SA
2025-10-23 17:00:40.524507,192.168.100.14,10.0.2.28,220,3998,Normal,SA
2025-10-23 09:37:40.524507,192.168.100.14,10.0.4.34,814,4126,Begin,R
2025-10-23 15:18:40.524507,192.168.100.14,10.0.8.26,669,2352,Normal,
2025-10-23 22:56:40.524507,192.168.100.14,10.0.7.23,592,406,Normal,F
2025-10-23 08:56:40.524507,192.168.100.14,10.0.5.31,663,2879,Normal,S
2025-10-23 19:47:40.524507,192.168.100.14,10.0.8.15,312,3662,Normal,SA
2025-10-23 13:19:40.524507,192.168.100.14,10.0.3.12,219,3528,Normal,R
2025-10-23 21:35:40.524507,192.168.100.14,10.0.10.4,282,1710,Begin,SA
2025-10-23 14:37:40.524507,192.168.100.14,10.0.6.14,106,2391,Normal,SA
2025-10-23 21:23:40.524507,192.168.100.14,10.0.7.18,896,2175,Normal,SA
2025-10-23 23:13:40.524507,192.168.100.14,10.0.6.23,506,2210,Attack,F
2025-10-23 20:24:40.524507,192.168.100.14,10.0.7.47,550,3578,Normal,F
2025-10-23 15:22:40.524507,192.168.100.14,10.0.2.1,815,246,Begin,S
2025-10-23 20:45:40.524507,192.168.100.14,10.0.2.14,876,4051,Begin,F
2025-10-23 21:39:40.524507,192.168.100.14,10.0.3.45,615,4243,Normal,S
2025-10-23 15:46:40.524507,192.168.100.14,10.0.3.50,439,2958,Normal,R
2025-10-23 16:44:40.524507,192.168.100.14,10.0.10.16,129,2352,Normal,S
2025-10-24 00:22:40.524507,192.168.100.14,10.0.3.18,209,1234,Begin,F
2025-10-23 08:53:40.524507,192.168.100.14,10.0.1.40,244,4671,Attack,S
2025-10-23 10:19:40.524507,192.168.100.14,10.0.2.36,172,279,Normal,SA
2025-10-23 13:00:40.525972,192.168.100.14,10.0.10.48,302,284,Begin,SA
2025-10-24 00:31:40.525972,192.168.100.14,10.0.4.36,739,496,Normal,F
2025-10-23 09:44:40.525972,192.168.100.15,10.0.5.46,218,2801,Normal,F
2025-10-23 10:57:40.525972,192.168.100.15,10.0.8.17,381,4507,Attack,SA
2025-10-23 11:07:40.525972,192.168.100.15,10.0.1.26,410,1242,Normal,SA
2025-10-23 22:06:40.525972,192.168.100.15,10.0.6.37,301,942,Normal,SA
2025-10-23 21:52:40.525972,192.168.100.15,10.0.8.5,725,1984,Normal,SA
2025-10-23 11:17:40.525972,192.168.100.15,10.0.7.49,536,4459,Normal,R
2025-10-23 12:54:40.525972,192.168.100.15,10.0.8.43,528,1058,Normal,R
2025-10-23 18:43:40.525972,192.168.100.15,10.0.5.50,277,4981,Normal,S
2025-10-23 22:33:40.525972,192.168.100.15,10.0.1.50,121,3657,Normal,
2025-10-23 18:17:40.525972,192.168.100.15,10.0.6.11,918,2017,Normal,R
2025-10-23 13:16:40.525972,192.168.100.15,10.0.1.31,435,2721,Attack,R
2025-10-23 16:23:40.525972,192.168.100.15,10.0.2.28,259,2066,Normal,SA
2025-10-23 10:05:40.525972,192.168.100.15,10.0.6.26,324,2732,Normal,
2025-10-23 16:35:40.525972,192.168.100.15,10.0.4.13,408,2178,Normal,F
2025-10-24 00:31:40.525972,192.168.100.15,10.0.10.47,420,4747,Normal,S
2025-10-23 15:52:40.525972,192.168.100.15,10.0.6.35,263,871,Normal,
2025-10-23 16:27:40.525972,192.168.100.15,10.0.3.30,373,2878,Normal,R
2025-10-23 09:47:40.525972,192.168.100.15,10.0.7.46,108,2085,Normal,F
2025-10-23 14:08:40.525972,192.168.100.15,10.0.6.6,699,970,Normal,
2025-10-23 19:48:40.525972,192.168.100.15,10.0.7.18,811,3403,Normal,F
2025-10-23 19:11:40.525972,192.168.100.15,10.0.8.23,867,3786,Normal,S
2025-10-23 21:35:40.525972,192.168.100.15,10.0.6.48,942,134,Normal,S
2025-10-23 17:18:40.525972,192.168.100.15,10.0.3.12,235,3844,Normal,F
2025-10-23 19:15:40.525972,192.168.100.15,10.0.8.9,1002,3114,Attack,S
2025-10-23 17:23:40.525972,192.168.100.15,10.0.7.23,505,4322,Normal,SA
2025-10-24 01:21:40.525972,192.168.100.15,10.0.6.20,380,1600,Normal,F
2025-10-23 12:44:40.525972,192.168.100.15,10.0.4.37,964,2115,Normal,R
2025-10-23 10:39:40.525972,192.168.100.15,10.0.2.37,57,2356,Normal,
2025-10-23 20:39:40.525972,192.168.100.15,10.0.9.42,436,3200,Normal,S
2025-10-23 14:29:40.525972,192.168.100.15,10.0.9.3,593,1339,Normal,SA
2025-10-23 18:19:40.525972,192.168.100.15,10.0.7.4,388,1200,Normal,SA
2025-10-23 23:33:40.525972,192.168.100.15,10.0.7.17,736,3388,Normal,S
2025-10-23 18:19:40.525972,192.168.100.15,10.0.9.27,487,3047,Normal,
2025-10-24 00:44:40.525972,192.168.100.15,10.0.4.44,307,2668,Begin,F
2025-10-23 15:50:40.527401,192.168.100.15,10.0.3.33,292,4794,Begin,S
2025-10-23 12:16:40.527401,192.168.100.15,10.0.1.46,67,2040,Attack,
2025-10-23 17:21:40.527401,192.168.100.15,10.0.2.25,656,4910,Normal,SA
2025-10-23 15:33:40.527401,192.168.100.15,10.0.7.2,55,1016,Normal,S
2025-10-23 11:24:40.527401,192.168.100.15,10.0.7.11,877,3998,Normal,
2025-10-23 12:06:40.527401,192.168.100.15,10.0.3.14,693,129,Begin,F
2025-10-23 22:46:40.527401,192.168.100.15,10.0.2.23,271,1952,Normal,SA
2025-10-23 21:14:40.527401,192.168.100.15,10.0.8.35,240,877,Begin,R
2025-10-23 18:43:40.527401,192.168.100.15,10.0.6.27,144,288,Begin,SA
2025-10-23 10:29:40.527401,192.168.100.15,10.0.10.27,507,1854,Normal,
2025-10-23 19:38:40.527401,192.168.100.15,10.0.8.35,593,1271,Normal,SA
2025-10-23 13:13:40.527401,192.168.100.15,10.0.6.18,781,1279,Normal,R
2025-10-23 11:09:40.527401,192.168.100.15,10.0.1.22,405,4034,Normal,F
2025-10-23 15:54:40.527401,192.168.100.15,10.0.2.10,705,3596,Normal,
2025-10-24 01:01:40.527401,192.168.100.15,10.0.9.13,557,2859,Normal,R
2025-10-23 21:42:40.527401,192.168.100.15,10.0.10.32,831,640,Normal,F
2025-10-23 18:57:40.527401,192.168.100.16,10.0.8.24,910,4926,Normal,S
2025-10-23 17:04:40.527401,192.168.100.16,10.0.7.24,181,1948,Normal,F
2025-10-23 17:04:40.527401,192.168.100.16,10.0.7.28,596,3150,Normal,F
2025-10-23 15:06:40.527401,192.168.100.16,10.0.6.9,538,3778,Normal,S
2025-10-23 09:37:40.527401,192.168.100.16,10.0.8.27,396,300,Normal,S
2025-10-23 18:15:40.527401,192.168.100.16,10.0.4.9,963,4158,Normal,F
2025-10-23 22:06:40.527401,192.168.100.16,10.0.6.36,986,2119,Attack,R
2025-10-23 21:40:40.527401,192.168.100.16,10.0.4.49,1006,2557,Normal,F
2025-10-23 13:06:40.527401,192.168.100.16,10.0.10.13,345,421,Normal,R
2025-10-23 20:29:40.527401,192.168.100.16,10.0.2.5,82,1508,Normal,R
2025-10-23 14:48:40.527401,192.168.100.16,10.0.5.28,244,2665,Normal,R
2025-10-23 13:36:40.527401,192.168.100.16,10.0.10.6,195,4441,Normal,S
2025-10-24 00:37:40.528663,192.168.100.16,10.0.7.41,217,1759,Normal,
2025-10-23 10:32:40.528663,192.168.100.16,10.0.7.4,970,2628,Normal,S
2025-10-23 20:16:40.528663,192.168.100.16,10.0.9.36,139,3726,Normal,
2025-10-23 21:12:40.528663,192.168.100.16,10.0.10.26,1015,4849,Normal,F
2025-10-23 14:48:40.528663,192.168.100.16,10.0.3.5,267,3776,Normal,F
2025-10-23 10:52:40.528663,192.168.100.16,10.0.10.46,244,4175,Attack,SA
2025-10-23 16:07:40.528663,192.168.100.16,10.0.6.21,1010,2846,Begin,
2025-10-23 13:35:40.528663,192.168.100.16,10.0.10.21,163,1761,Normal,
2025-10-23 21:49:40.528663,192.168.100.16,10.0.4.19,950,707,Normal,R
2025-10-23 21:52:40.528663,192.168.100.16,10.0.4.12,836,1294,Begin,
2025-10-23 21:37:40.528663,192.168.100.16,10.0.3.5,693,1154,Normal,
2025-10-24 01:20:40.528663,192.168.100.16,10.0.2.38,790,2440,Normal,S
2025-10-23 14:57:40.528663,192.168.100.16,10.0.2.11,1004,2702,Normal,
2025-10-23 18:32:40.528663,192.168.100.16,10.0.7.28,869,1934,Normal,R
2025-10-23 22:49:40.528663,192.168.100.16,10.0.8.29,428,1332,Attack,S
2025-10-23 10:39:40.528663,192.168.100.16,10.0.7.22,828,4475,Begin,
2025-10-23 12:37:40.528663,192.168.100.16,10.0.1.49,602,4470,Attack,R
2025-10-23 11:38:40.528663,192.168.100.16,10.0.7.47,72,634,Normal,
2025-10-23 21:34:40.528663,192.168.100.16,10.0.3.4,512,4314,Attack,F
2025-10-23 23:26:40.528663,192.168.100.16,10.0.1.50,900,3177,Normal,SA
2025-10-23 14:45:40.528663,192.168.100.16,10.0.2.8,977,2443,Normal,F
2025-10-24 01:02:40.528663,192.168.100.16,10.0.2.8,716,770,Normal,
2025-10-23 22:22:40.528663,192.168.100.16,10.0.8.36,572,4949,Begin,R
2025-10-23 12:56:40.528663,192.168.100.16,10.0.1.42,961,1984,Normal,R
2025-10-23 19:16:40.528663,192.168.100.16,10.0.10.17,94,4434,Normal,F
2025-10-23 13:42:40.528663,192.168.100.16,10.0.9.4,131,1779,Begin,
2025-10-23 15:46:40.529771,192.168.100.16,10.0.5.32,686,251,Normal,
2025-10-23 19:20:40.529771,192.168.100.16,10.0.9.48,591,3298,Begin,
2025-10-23 09:12:40.529771,192.168.100.16,10.0.9.16,884,209,Normal,SA
2025-10-23 17:34:40.529771,192.168.100.16,10.0.2.48,728,817,Normal,
2025-10-24 00:33:40.529771,192.168.100.16,10.0.4.21,607,1373,Begin,S
2025-10-23 09:35:40.529771,192.168.100.16,10.0.6.43,739,4513,Normal,R
2025-10-23 18:55:40.529771,192.168.100.16,10.0.8.31,79,2935,Normal,SA
2025-10-23 22:17:40.529771,192.168.100.16,10.0.3.22,739,2712,Normal,F
2025-10-23 20:57:40.529771,192.168.100.16,10.0.8.9,713,3882,Attack,R
2025-10-23 23:13:40.529771,192.168.100.16,10.0.9.13,149,2301,Begin,
2025-10-23 09:32:40.529771,192.168.100.16,10.0.2.13,834,2466,Normal,R
2025-10-23 14:55:40.529771,192.168.100.16,10.0.7.37,326,3878,Normal,S
2025-10-23 13:10:40.529771,192.168.100.17,10.0.5.10,990,717,Normal,SA
2025-10-23 23:45:40.529771,192.168.100.17,10.0.2.35,96,4965,Normal,
2025-10-23 22:17:40.529771,192.168.100.17,10.0.2.11,894,3645,Normal,R
2025-10-23 13:41:40.529771,192.168.100.17,10.0.5.43,188,2704,Normal,SA
2025-10-23 21:19:40.529771,192.168.100.17,10.0.9.11,288,1770,Begin,S
2025-10-23 21:06:40.529771,192.168.100.17,10.0.7.42,796,2760,Normal,F
2025-10-23 12:35:40.529771,192.168.100.17,10.0.2.30,680,379,Normal,R
2025-10-23 18:11:40.529771,192.168.100.17,10.0.7.28,567,4505,Normal,R
2025-10-23 13:31:40.529771,192.168.100.17,10.0.2.27,561,1313,Normal,SA
2025-10-23 12:59:40.529771,192.168.100.17,10.0.10.43,319,1378,Begin,R
2025-10-23 10:49:40.529771,192.168.100.17,10.0.8.49,769,492,Normal,R
2025-10-23 18:15:40.529771,192.168.100.17,10.0.10.27,1021,3747,Attack,R
2025-10-23 21:57:40.529771,192.168.100.17,10.0.9.28,927,371,Normal,S
2025-10-23 13:09:40.529771,192.168.100.17,10.0.2.1,247,4743,Normal,
2025-10-23 16:50:40.529771,192.168.100.17,10.0.2.30,377,2572,Normal,
2025-10-23 15:31:40.529771,192.168.100.17,10.0.7.6,233,907,Normal,F
2025-10-23 18:44:40.529771,192.168.100.17,10.0.6.5,579,4245,Normal,SA
2025-10-23 19:11:40.529771,192.168.100.17,10.0.4.12,968,246,Normal,F
2025-10-23 19:59:40.529771,192.168.100.17,10.0.9.36,155,3908,Normal,
2025-10-23 16:31:40.529771,192.168.100.17,10.0.10.16,343,4533,Normal,R
2025-10-23 16:01:40.529771,192.168.100.17,10.0.4.42,274,707,Normal,R
2025-10-23 12:14:40.531258,192.168.100.17,10.0.10.2,43,1402,Normal,
2025-10-23 15:31:40.531258,192.168.100.17,10.0.9.44,571,3145,Normal,
2025-10-23 14:23:40.531258,192.168.100.17,10.0.6.11,838,4661,Normal,R
2025-10-23 22:12:40.531258,192.168.100.17,10.0.4.5,122,2150,Begin,
2025-10-23 19:03:40.531258,192.168.100.17,10.0.5.37,874,948,Normal,R
2025-10-23 22:29:40.531258,192.168.100.17,10.0.2.10,991,1710,Normal,
2025-10-23 13:40:40.531258,192.168.100.17,10.0.5.12,561,532,Normal,S
2025-10-23 11:29:40.531258,192.168.100.17,10.0.5.23,1002,2018,Normal,F
2025-10-23 17:14:40.531258,192.168.100.17,10.0.7.38,27,3843,Normal,
2025-10-23 10:29:40.531258,192.168.100.17,10.0.3.26,170,3791,Normal,SA
2025-10-23 16:29:40.531258,192.168.100.17,10.0.2.6,88,3887,Normal,SA
2025-10-23 13:59:40.531258,192.168.100.17,10.0.10.15,489,2940,Normal,
2025-10-23 12:37:40.531258,192.168.100.17,10.0.6.46,961,847,Normal,F
2025-10-23 09:22:40.531258,192.168.100.17,10.0.7.37,988,3000,Normal,SA
2025-10-23 18:33:40.531258,192.168.100.17,10.0.2.2,99,3873,Normal,S
2025-10-23 16:41:40.531258,192.168.100.17,10.0.6.30,812,4794,Begin,S
2025-10-23 23:56:40.531258,192.168.100.17,10.0.2.45,63,1141,Normal,R
2025-10-23 19:58:40.531258,192.168.100.17,10.0.3.10,121,4828,Normal,R
2025-10-23 21:49:40.531258,192.168.100.17,10.0.9.42,291,121,Attack,
2025-10-23 12:23:40.531258,192.168.100.17,10.0.10.24,434,3269,Normal,F
2025-10-23 08:53:40.532261,192.168.100.17,10.0.9.33,897,3312,Normal,F
2025-10-23 13:27:40.532261,192.168.100.17,10.0.8.34,635,3733,Attack,F
2025-10-23 14:49:40.532261,192.168.100.17,10.0.7.15,481,471,Normal,S
2025-10-23 21:29:40.532261,192.168.100.17,10.0.1.8,642,2044,Begin,F
2025-10-24 01:17:40.532261,192.168.100.17,10.0.3.42,153,768,Begin,
2025-10-24 00:24:40.532261,192.168.100.17,10.0.1.6,251,496,Normal,S
2025-10-23 23:19:40.532261,192.168.100.17,10.0.2.21,955,715,Normal,SA
2025-10-23 09:37:40.532261,192.168.100.17,10.0.5.16,142,4026,Normal,
2025-10-23 20:07:40.532261,192.168.100.17,10.0.10.4,160,2164,Normal,F
2025-10-23 21:15:40.532261,192.168.100.18,10.0.3.2,78,3655,Normal,S
2025-10-23 15:58:40.532261,192.168.100.18,10.0.1.7,38,4430,Normal,F
2025-10-23 22:30:40.532261,192.168.100.18,10.0.3.22,875,4534,Normal,F
2025-10-24 01:31:40.532261,192.168.100.18,10.0.1.9,346,1305,Normal,SA
2025-10-23 16:43:40.532261,192.168.100.18,10.0.7.38,692,1679,Normal,S
2025-10-24 00:19:40.532261,192.168.100.18,10.0.6.23,448,3261,Normal,SA
2025-10-23 21:31:40.532261,192.168.100.18,10.0.5.2,450,2858,Normal,S
2025-10-23 15:44:40.532261,192.168.100.18,10.0.3.29,892,3857,Normal,F
2025-10-23 19:57:40.532261,192.168.100.18,10.0.7.47,857,3510,Normal,S
2025-10-24 00:24:40.532261,192.168.100.18,10.0.5.33,775,200,Normal,R
2025-10-23 12:39:40.532261,192.168.100.18,10.0.6.14,412,2251,Begin,F
2025-10-23 14:34:40.532261,192.168.100.18,10.0.10.33,129,131,Normal,F
2025-10-23 14:54:40.532261,192.168.100.18,10.0.6.49,836,4322,Normal,F
2025-10-23 19:50:40.532261,192.168.100.18,10.0.5.8,916,4489,Normal,SA
2025-10-23 23:48:40.532261,192.168.100.18,10.0.6.18,342,4401,Normal,R
2025-10-23 23:18:40.532261,192.168.100.18,10.0.8.43,934,4865,Attack,F
2025-10-23 23:01:40.532261,192.168.100.18,10.0.1.43,943,566,Normal,F
2025-10-23 12:30:40.532261,192.168.100.18,10.0.10.29,748,478,Normal,SA
2025-10-23 13:33:40.532261,192.168.100.18,10.0.4.37,383,112,Normal,F
2025-10-23 21:12:40.532261,192.168.100.18,10.0.9.35,548,1809,Normal,R
2025-10-23 19:07:40.532261,192.168.100.18,10.0.4.21,463,984,Begin,
2025-10-24 00:06:40.532261,192.168.100.18,10.0.7.26,201,2520,Begin,R
2025-10-23 17:40:40.532261,192.168.100.18,10.0.9.38,296,4871,Normal,S
2025-10-23 19:52:40.532261,192.168.100.18,10.0.2.14,690,3341,Begin,
2025-10-24 01:10:40.532261,192.168.100.18,10.0.5.19,665,2691,Normal,
2025-10-23 16:02:40.533704,192.168.100.18,10.0.2.49,571,2716,Normal,SA
2025-10-23 21:39:40.533704,192.168.100.18,10.0.3.33,676,2851,Normal,
2025-10-23 18:44:40.533704,192.168.100.18,10.0.8.32,71,3559,Attack,R
2025-10-23 20:20:40.533704,192.168.100.18,10.0.7.32,691,1429,Normal,
2025-10-24 00:16:40.533704,192.168.100.18,10.0.8.43,431,2904,Normal,SA
2025-10-23 14:53:40.533704,192.168.100.18,10.0.7.37,130,2450,Normal,F
2025-10-23 11:10:40.533704,192.168.100.18,10.0.3.27,944,2900,Normal,
2025-10-23 12:47:40.533704,192.168.100.18,10.0.1.21,518,760,Normal,R
2025-10-23 22:24:40.533704,192.168.100.18,10.0.6.32,201,3759,Begin,R
2025-10-23 11:46:40.533704,192.168.100.18,10.0.9.20,189,971,Begin,SA
2025-10-23 12:38:40.533704,192.168.100.18,10.0.9.21,240,557,Normal,R
2025-10-23 13:49:40.533704,192.168.100.18,10.0.7.45,540,3577,Begin,
2025-10-24 00:35:40.533704,192.168.100.18,10.0.4.43,105,2661,Normal,R
2025-10-23 17:24:40.533704,192.168.100.18,10.0.2.29,503,3139,Normal,F
2025-10-23 17:56:40.533704,192.168.100.18,10.0.4.2,915,192,Begin,SA
2025-10-23 17:18:40.533704,192.168.100.18,10.0.3.50,371,3570,Normal,F
2025-10-23 18:58:40.533704,192.168.100.18,10.0.5.12,99,999,Begin,
2025-10-23 16:02:40.533704,192.168.100.18,10.0.2.7,32,4422,Begin,
2025-10-23 15:53:40.533704,192.168.100.18,10.0.10.8,406,532,Normal,
2025-10-23 20:56:40.533704,192.168.100.18,10.0.4.50,70,1420,Begin,
2025-10-23 22:46:40.533704,192.168.100.18,10.0.4.25,1019,773,Normal,SA
2025-10-23 10:56:40.534540,192.168.100.18,10.0.10.1,978,2074,Normal,SA
2025-10-23 17:04:40.534540,192.168.100.18,10.0.5.5,499,2990,Normal,
2025-10-23 14:54:40.534540,192.168.100.18,10.0.5.34,86,4566,Normal,
2025-10-23 10:21:40.534540,192.168.100.18,10.0.10.31,440,3046,Normal,SA
2025-10-23 20:19:40.534540,192.168.100.19,10.0.3.4,889,2022,Normal,S
2025-10-23 20:04:40.534540,192.168.100.19,10.0.5.48,972,1740,Normal,F
2025-10-23 21:02:40.534540,192.168.100.19,10.0.10.7,862,4056,Normal,
2025-10-23 19:03:40.534540,192.168.100.19,10.0.6.20,734,3675,Attack,S
2025-10-23 23:15:40.534540,192.168.100.19,10.0.5.37,918,945,Normal,S
2025-10-23 22:54:40.534540,192.168.100.19,10.0.6.36,784,905,Attack,S
2025-10-23 09:24:40.534540,192.168.100.19,10.0.2.7,39,4947,Normal,
2025-10-23 12:13:40.534540,192.168.100.19,10.0.2.8,123,3555,Begin,SA
2025-10-23 17:44:40.534540,192.168.100.19,10.0.4.38,738,1106,Normal,R
2025-10-23 14:54:40.534540,192.168.100.19,10.0.6.7,204,878,Normal,SA
2025-10-23 22:45:40.534540,192.168.100.19,10.0.6.22,1005,3443,Normal,F
2025-10-23 12:59:40.534540,192.168.100.19,10.0.1.16,208,3443,Normal,F
2025-10-23 21:00:40.534540,192.168.100.19,10.0.9.36,806,3040,Normal,
2025-10-23 12:46:40.534540,192.168.100.19,10.0.2.22,823,357,Normal,S
2025-10-23 21:03:40.534540,192.168.100.19,10.0.8.17,680,3789,Normal,SA
2025-10-23 09:06:40.534540,192.168.100.19,10.0.5.44,387,4121,Normal,
2025-10-23 12:03:40.534540,192.168.100.19,10.0.10.41,977,3343,Normal,S
2025-10-23 13:15:40.534540,192.168.100.19,10.0.2.49,309,1881,Normal,
2025-10-24 00:46:40.534540,192.168.100.19,10.0.3.42,970,268,Normal,SA
2025-10-23 15:56:40.534540,192.168.100.19,10.0.6.49,164,2565,Normal,S
2025-10-23 12:20:40.534540,192.168.100.19,10.0.8.35,669,2968,Normal,F
2025-10-23 12:50:40.534540,192.168.100.19,10.0.8.7,683,3712,Normal,S
2025-10-23 14:13:40.534540,192.168.100.19,10.0.2.23,827,1022,Normal,S
2025-10-23 21:02:40.534540,192.168.100.19,10.0.9.24,817,978,Normal,R
2025-10-23 16:53:40.535707,192.168.100.19,10.0.8.39,845,1102,Normal,
2025-10-23 13:18:40.535707,192.168.100.19,10.0.6.44,305,1994,Attack,
2025-10-23 17:22:40.535707,192.168.100.19,10.0.2.7,775,2304,Begin,
2025-10-23 10:39:40.535707,192.168.100.19,10.0.6.33,492,3523,Normal,R
2025-10-23 19:43:40.535707,192.168.100.19,10.0.5.40,675,1906,Normal,R
2025-10-23 21:40:40.535707,192.168.100.19,10.0.5.32,963,4165,Normal,
2025-10-23 13:28:40.535707,192.168.100.19,10.0.1.10,633,2174,Normal,F
2025-10-23 10:29:40.535707,192.168.100.19,10.0.7.21,521,1269,Normal,R
2025-10-23 13:18:40.535707,192.168.100.19,10.0.7.16,250,2180,Begin,
2025-10-24 00:33:40.535707,192.168.100.19,10.0.1.11,341,1976,Attack,
2025-10-23 23:11:40.535707,192.168.100.19,10.0.8.36,619,2830,Normal,SA
2025-10-23 19:45:40.535707,192.168.100.19,10.0.4.13,1019,2465,Begin,SA
2025-10-23 23:54:40.535707,192.168.100.19,10.0.10.4,276,4565,Normal,S
2025-10-24 00:26:40.535707,192.168.100.19,10.0.2.32,264,224,Normal,R
2025-10-23 12:09:40.535707,192.168.100.19,10.0.4.23,360,3760,Begin,
2025-10-23 09:14:40.535707,192.168.100.19,10.0.3.39,384,3936,Normal,S
2025-10-23 13:12:40.535707,192.168.100.19,10.0.8.36,64,3104,Normal,
2025-10-24 01:28:40.535707,192.168.100.19,10.0.1.5,519,694,Normal,F
2025-10-23 19:54:40.535707,192.168.100.19,10.0.6.26,171,359,Normal,S
2025-10-23 20:01:40.535707,192.168.100.19,10.0.9.13,215,258,Normal,S
2025-10-23 20:29:40.535707,192.168.100.19,10.0.8.21,60,4088,Attack,SA
2025-10-23 15:41:40.535707,192.168.100.19,10.0.3.27,645,2221,Begin,S
2025-10-23 19:31:40.535707,192.168.100.19,10.0.4.19,431,275,Normal,S
2025-10-23 11:29:40.535707,192.168.100.19,10.0.1.46,604,2796,Normal,S
2025-10-24 00:43:40.535707,192.168.100.19,10.0.5.33,557,1281,Attack,SA
2025-10-23 19:33:40.535707,192.168.100.19,10.0.9.47,527,197,Attack,S
2025-10-23 17:54:40.535707,192.168.100.20,10.0.1.13,667,2653,Begin,R
2025-10-23 09:40:40.535707,192.168.100.20,10.0.9.11,238,2582,Normal,
2025-10-23 21:04:40.535707,192.168.100.20,10.0.2.2,121,3476,Normal,S
2025-10-24 01:21:40.535707,192.168.100.20,10.0.5.33,435,4077,Attack,
2025-10-23 22:49:40.535707,192.168.100.20,10.0.7.18,529,4982,Normal,SA
2025-10-23 23:16:40.535707,192.168.100.20,10.0.7.32,465,3933,Begin,F
2025-10-23 12:25:40.535707,192.168.100.20,10.0.6.18,783,2784,Attack,F
2025-10-23 14:41:40.535707,192.168.100.20,10.0.7.30,586,4922,Normal,SA
2025-10-23 18:01:40.535707,192.168.100.20,10.0.1.18,286,1251,Normal,SA
2025-10-23 09:14:40.535707,192.168.100.20,10.0.4.28,993,814,Normal,R
2025-10-23 19:43:40.537174,192.168.100.20,10.0.5.3,647,987,Normal,F
2025-10-23 19:51:40.537174,192.168.100.20,10.0.8.48,130,3298,Normal,S
2025-10-24 01:09:40.537174,192.168.100.20,10.0.8.47,916,3990,Normal,F
2025-10-23 21:04:40.537174,192.168.100.20,10.0.6.44,42,4224,Normal,F
2025-10-23 13:01:40.537174,192.168.100.20,10.0.9.7,262,4968,Normal,S
2025-10-23 11:30:40.537174,192.168.100.20,10.0.8.19,72,3895,Normal,
2025-10-23 20:19:40.537174,192.168.100.20,10.0.2.21,33,161,Normal,SA
2025-10-23 10:56:40.537174,192.168.100.20,10.0.7.14,260,3456,Normal,F
2025-10-23 11:30:40.537174,192.168.100.20,10.0.10.30,314,3544,Normal,R
2025-10-23 22:03:40.537174,192.168.100.20,10.0.3.36,687,4966,Normal,F
2025-10-23 12:05:40.537174,192.168.100.20,10.0.2.31,366,2220,Normal,
2025-10-23 14:34:40.537174,192.168.100.20,10.0.10.31,165,4304,Normal,SA
2025-10-23 18:08:40.537174,192.168.100.20,10.0.4.49,775,3121,Normal,
2025-10-23 18:27:40.537174,192.168.100.20,10.0.4.43,641,3080,Normal,R
2025-10-24 01:23:40.537174,192.168.100.20,10.0.6.21,573,1601,Normal,
2025-10-23 13:48:40.537174,192.168.100.20,10.0.4.40,829,4221,Normal,
2025-10-24 01:14:40.537174,192.168.100.20,10.0.1.35,108,1865,Normal,
2025-10-23 12:51:40.537174,192.168.100.20,10.0.2.40,968,4288,Normal,R
2025-10-23 09:19:40.537174,192.168.100.20,10.0.2.9,316,985,Attack,R
2025-10-23 17:44:40.537174,192.168.100.20,10.0.9.49,312,1399,Normal,S
2025-10-23 20:55:40.537174,192.168.100.20,10.0.10.7,680,3022,Normal,R
2025-10-23 15:41:40.537174,192.168.100.20,10.0.2.45,433,1536,Normal,SA
2025-10-23 12:12:40.537174,192.168.100.20,10.0.7.17,637,4040,Normal,F
2025-10-23 11:55:40.537174,192.168.100.20,10.0.9.49,410,2376,Normal,R
2025-10-24 01:32:40.537174,192.168.100.20,10.0.5.50,297,2390,Attack,SA
2025-10-23 15:16:40.537174,192.168.100.20,10.0.5.49,21,4195,Normal,F
2025-10-23 22:08:40.537174,192.168.100.20,10.0.6.35,461,3364,Normal,
2025-10-24 00:20:40.537174,192.168.100.20,10.0.9.32,642,1145,Begin,F
2025-10-23 13:40:40.537174,192.168.100.20,10.0.2.15,907,1441,Begin,S
2025-10-23 18:12:40.537174,192.168.100.20,10.0.10.16,297,1491,Normal,
2025-10-23 10:34:40.537174,192.168.100.20,10.0.8.6,891,379,Normal,S
2025-10-23 13:31:40.537174,192.168.100.20,10.0.5.19,858,736,Normal,R
2025-10-23 11:51:40.537174,192.168.100.20,10.0.8.3,937,4185,Normal,
2025-10-23 15:11:40.537174,192.168.100.20,10.0.9.1,636,3243,Begin,SA
2025-10-23 19:43:40.537174,192.168.100.20,10.0.5.16,737,425,Normal,R
2025-10-23 17:03:40.537174,192.168.100.20,10.0.8.35,402,1871,Normal,R
2025-10-23 21:18:40.538667,192.168.100.20,10.0.1.41,713,3393,Normal,
2025-10-24 01:26:40.538667,192.168.100.20,10.0.5.1,734,4513,Begin,F
2025-10-23 13:46:40.538667,192.168.100.20,10.0.8.25,203,3495,Normal,S
2025-10-23 16:43:40.538667,192.168.100.20,10.0.6.49,81,3806,Normal,R
